transaction_id,employee_id,punch_datetime,device_no,status,mandt,P_Day,ISManual,data_flag,record_datetime
9991890,13000731,2023-12-01T22:13:09,45,01,300,N,N,API,2023-12-15 11:36:57.819639
9991808,13000676,2023-12-01T00:10:22,27,01,300,N,N,API,2023-12-15 11:36:57.819639
9991809,13991307,2023-12-01T00:10:59,27,01,300,N,N,API,2023-12-15 11:36:57.819639
9991810,13000014,2023-12-01T00:11:11,27,01,300,N,N,API,2023-12-15 11:36:57.819639
9991811,13000186,2023-12-01T00:11:35,27,01,300,N,N,API,2023-12-15 11:36:57.819639
9991812,13000760,2023-12-01T10:07:00,46,01,300,N,N,API,2023-12-15 11:36:57.819639
9991813,13991462,2023-12-01T10:07:27,46,01,300,N,N,API,2023-12-15 11:36:57.819639
9991814,13991460,2023-12-01T10:07:36,46,01,300,N,N,API,2023-12-15 11:36:57.819639
9991815,13000023,2023-12-01T10:20:18,43,01,300,N,N,API,2023-12-15 11:36:57.819639
9991816,13000085,2023-12-01T10:20:41,43,01,300,N,N,API,2023-12-15 11:36:57.819639
9991817,13991415,2023-12-01T10:20:54,43,01,300,N,N,API,2023-12-15 11:36:57.819639
9991818,13000031,2023-12-01T10:21:07,43,01,300,N,N,API,2023-12-15 11:36:57.819639
9991819,13000583,2023-12-01T10:21:14,43,01,300,N,N,API,2023-12-15 11:36:57.819639
9991820,13000585,2023-12-01T10:21:15,46,01,300,N,N,API,2023-12-15 11:36:57.819639
9991821,13000757,2023-12-01T10:21:16,43,01,300,N,N,API,2023-12-15 11:36:57.819639
9991822,13991463,2023-12-01T10:22:14,46,01,300,N,N,API,2023-12-15 11:36:57.819639
9991823,13991375,2023-12-01T10:23:29,43,01,300,N,N,API,2023-12-15 11:36:57.819639
9991824,13000763,2023-12-01T10:27:25,46,01,300,N,N,API,2023-12-15 11:36:57.819639
9991825,13000321,2023-12-01T10:43:55,46,01,300,N,N,API,2023-12-15 11:36:57.819639
9991826,13000751,2023-12-01T10:50:05,46,01,300,N,N,API,2023-12-15 11:36:57.819639
9991827,13000075,2023-12-01T10:50:55,43,01,300,N,N,API,2023-12-15 11:36:57.819639
9991829,13000427,2023-12-01T11:04:06,45,01,300,N,N,API,2023-12-15 11:36:57.819639
9991830,13991387,2023-12-01T11:04:47,45,01,300,N,N,API,2023-12-15 11:36:57.819639
9991831,13991430,2023-12-01T11:14:57,27,01,300,N,N,API,2023-12-15 11:36:57.819639
9991832,13000672,2023-12-01T11:15:07,27,01,300,N,N,API,2023-12-15 11:36:57.819639
9991833,13991446,2023-12-01T11:15:16,27,01,300,N,N,API,2023-12-15 11:36:57.819639
9991835,13000758,2023-12-01T12:12:53,43,01,300,N,N,API,2023-12-15 11:36:57.819639
9991836,13000679,2023-12-01T12:42:20,43,01,300,N,N,API,2023-12-15 11:36:57.819639
9991837,13991461,2023-12-01T13:03:46,46,01,300,N,N,API,2023-12-15 11:36:57.819639
9991838,13000393,2023-12-01T13:07:08,43,01,300,N,N,API,2023-12-15 11:36:57.819639
9991839,13000722,2023-12-01T13:08:52,46,01,300,N,N,API,2023-12-15 11:36:57.819639
9991840,13000759,2023-12-01T13:09:21,46,01,300,N,N,API,2023-12-15 11:36:57.819639
9991841,13991423,2023-12-01T13:14:00,43,01,300,N,N,API,2023-12-15 11:36:57.819639
9991842,13000756,2023-12-01T13:14:14,43,01,300,N,N,API,2023-12-15 11:36:57.819639
9991843,13991307,2023-12-01T13:46:21,27,01,300,N,N,API,2023-12-15 11:36:57.819639
9991844,13000761,2023-12-01T13:55:10,43,01,300,N,N,API,2023-12-15 11:36:57.819639
9991845,13000731,2023-12-01T14:08:17,45,01,300,N,N,API,2023-12-15 11:36:57.819639
9991846,13991415,2023-12-01T14:38:52,43,01,300,N,N,API,2023-12-15 11:36:57.819639
9991847,13000676,2023-12-01T16:27:07,27,01,300,N,N,API,2023-12-15 11:36:57.819639
9991848,13000757,2023-12-01T19:00:57,43,01,300,N,N,API,2023-12-15 11:36:57.819639
9991849,13000760,2023-12-01T19:11:49,46,01,300,N,N,API,2023-12-15 11:36:57.819639
9991850,13000085,2023-12-01T19:24:13,43,01,300,N,N,API,2023-12-15 11:36:57.819639
9991851,13000023,2023-12-01T19:24:35,43,01,300,N,N,API,2023-12-15 11:36:57.819639
9991852,13000751,2023-12-01T19:25:32,46,01,300,N,N,API,2023-12-15 11:36:57.819639
9991853,13000427,2023-12-01T19:51:03,45,01,300,N,N,API,2023-12-15 11:36:57.819639
9991854,13991375,2023-12-01T20:03:22,43,01,300,N,N,API,2023-12-15 11:36:57.819639
9991855,13000583,2023-12-01T20:03:43,43,01,300,N,N,API,2023-12-15 11:36:57.819639
9991856,13991446,2023-12-01T20:38:39,27,01,300,N,N,API,2023-12-15 11:36:57.819639
9991857,13991447,2023-12-01T20:38:53,27,01,300,N,N,API,2023-12-15 11:36:57.819639
9991858,13991430,2023-12-01T20:52:33,27,01,300,N,N,API,2023-12-15 11:36:57.819639
9991859,13000672,2023-12-01T20:53:05,27,01,300,N,N,API,2023-12-15 11:36:57.819639
9991834,13991447,2023-12-01T11:15:22,27,01,300,N,N,API,2023-12-15 11:36:57.819639
9991860,13991462,2023-12-01T21:03:12,46,01,300,N,N,API,2023-12-15 11:36:57.819639
9991861,13991463,2023-12-01T21:03:32,46,01,300,N,N,API,2023-12-15 11:36:57.819639
9991862,13000186,2023-12-01T21:17:02,27,01,300,N,N,API,2023-12-15 11:36:57.819639
9991863,13000679,2023-12-01T22:00:14,43,01,300,N,N,API,2023-12-15 11:36:57.819639
9991864,13000758,2023-12-01T22:00:46,43,01,300,N,N,API,2023-12-15 11:36:57.819639
9991865,13000761,2023-12-01T22:01:28,43,01,300,N,N,API,2023-12-15 11:36:57.819639
9991866,13991460,2023-12-01T22:04:51,46,01,300,N,N,API,2023-12-15 11:36:57.819639
9991867,13000756,2023-12-01T22:04:54,43,01,300,N,N,API,2023-12-15 11:36:57.819639
9991868,13000722,2023-12-01T22:06:12,46,01,300,N,N,API,2023-12-15 11:36:57.819639
9991869,13000321,2023-12-01T22:06:24,46,01,300,N,N,API,2023-12-15 11:36:57.819639
9991870,13000759,2023-12-01T22:08:40,46,01,300,N,N,API,2023-12-15 11:36:57.819639
9991871,13991387,2023-12-01T22:10:22,45,01,300,N,N,API,2023-12-15 11:36:57.819639
9991872,13000585,2023-12-01T22:43:09,46,01,300,N,N,API,2023-12-15 11:36:57.819639
9991873,13000393,2023-12-01T23:07:04,43,01,300,N,N,API,2023-12-15 11:36:57.819639
9991874,13000075,2023-12-01T23:13:48,43,01,300,N,N,API,2023-12-15 11:36:57.819639
9991875,13991423,2023-12-01T23:13:58,43,01,300,N,N,API,2023-12-15 11:36:57.819639
9991876,13000031,2023-12-01T23:14:35,43,01,300,N,N,API,2023-12-15 11:36:57.819639
9991877,13000676,2023-12-01T23:23:57,27,01,300,N,N,API,2023-12-15 11:36:57.819639
9991878,13000763,2023-12-01T23:28:55,46,01,300,N,N,API,2023-12-15 11:36:57.819639
9991879,13991307,2023-12-01T23:35:45,27,01,300,N,N,API,2023-12-15 11:36:57.819639
9991880,13000014,2023-12-01T23:37:35,27,01,300,N,N,API,2023-12-15 11:36:57.819639
9991881,13000751,2023-12-02T09:59:27,46,01,300,N,N,API,2023-12-15 11:36:57.819639
9991882,13000585,2023-12-02T09:59:44,46,01,300,N,N,API,2023-12-15 11:36:57.819639
9991883,13991462,2023-12-02T09:59:50,46,01,300,N,N,API,2023-12-15 11:36:57.819639
9991884,13000085,2023-12-02T10:02:18,43,01,300,N,N,API,2023-12-15 11:36:57.819639
9991885,13000757,2023-12-02T10:03:41,43,01,300,N,N,API,2023-12-15 11:36:57.819639
9991886,13000735,2023-12-02T10:05:13,43,01,300,N,N,API,2023-12-15 11:36:57.819639
9991887,13000760,2023-12-02T10:08:43,46,01,300,N,N,API,2023-12-15 11:36:57.819639
9991888,13991375,2023-12-02T10:14:45,43,01,300,N,N,API,2023-12-15 11:36:57.819639
9991889,13000763,2023-12-02T10:32:54,46,01,300,N,N,API,2023-12-15 11:36:57.819639
9991891,13991387,2023-12-02T11:04:50,45,01,300,N,N,API,2023-12-15 11:36:57.819639
9991892,13000427,2023-12-02T11:05:06,45,01,300,N,N,API,2023-12-15 11:36:57.819639
9991893,13000186,2023-12-02T11:08:10,27,01,300,N,N,API,2023-12-15 11:36:57.819639
9991894,13991446,2023-12-02T11:08:19,27,01,300,N,N,API,2023-12-15 11:36:57.819639
9991895,13991430,2023-12-02T11:08:26,27,01,300,N,N,API,2023-12-15 11:36:57.819639
9991896,13991447,2023-12-02T11:08:42,27,01,300,N,N,API,2023-12-15 11:36:57.819639
9991897,13000748,2023-12-02T11:15:47,27,01,300,N,N,API,2023-12-15 11:36:57.819639
9991898,13000758,2023-12-02T12:09:55,43,01,300,N,N,API,2023-12-15 11:36:57.819639
9991899,13000679,2023-12-02T12:17:45,43,01,300,N,N,API,2023-12-15 11:36:57.819639
9991900,13991463,2023-12-02T12:24:14,46,01,300,N,N,API,2023-12-15 11:36:57.819639
9991901,13000583,2023-12-02T12:49:06,43,01,300,N,N,API,2023-12-15 11:36:57.819639
9991902,13000756,2023-12-02T12:53:57,43,01,300,N,N,API,2023-12-15 11:36:57.819639
9991903,13000321,2023-12-02T12:54:51,46,01,300,N,N,API,2023-12-15 11:36:57.819639
9991904,13000393,2023-12-02T13:00:13,43,01,300,N,N,API,2023-12-15 11:36:57.819639
9991905,13000722,2023-12-02T13:03:50,46,01,300,N,N,API,2023-12-15 11:36:57.819639
9991906,13000731,2023-12-02T13:05:46,45,01,300,N,N,API,2023-12-15 11:36:57.819639
9991907,13000759,2023-12-02T13:11:27,46,01,300,N,N,API,2023-12-15 11:36:57.819639
9991908,13991460,2023-12-02T13:17:01,46,01,300,N,N,API,2023-12-15 11:36:57.819639
9991909,13991423,2023-12-02T13:35:16,43,01,300,N,N,API,2023-12-15 11:36:57.819639
9991910,13000031,2023-12-02T13:37:18,43,01,300,N,N,API,2023-12-15 11:36:57.819639
9991911,13000672,2023-12-02T14:12:27,27,01,300,N,N,API,2023-12-15 11:36:57.819639
9991912,13000014,2023-12-02T14:12:40,27,01,300,N,N,API,2023-12-15 11:36:57.819639
9991913,13991307,2023-12-02T14:13:09,27,01,300,N,N,API,2023-12-15 11:36:57.819639
9991914,13000676,2023-12-02T14:16:26,27,01,300,N,N,API,2023-12-15 11:36:57.819639
9991915,13000075,2023-12-02T15:00:18,43,01,300,N,N,API,2023-12-15 11:36:57.819639
9991916,13000427,2023-12-02T18:25:37,45,01,300,N,N,API,2023-12-15 11:36:57.819639
9991917,13000023,2023-12-02T19:15:36,46,01,300,N,N,API,2023-12-15 11:36:57.819639
9991918,13000757,2023-12-02T19:20:10,43,01,300,N,N,API,2023-12-15 11:36:57.819639
9991919,13000751,2023-12-02T20:00:09,46,01,300,N,N,API,2023-12-15 11:36:57.819639
9991920,13991462,2023-12-02T20:06:55,46,01,300,N,N,API,2023-12-15 11:36:57.819639
9991921,13991463,2023-12-02T20:07:10,46,01,300,N,N,API,2023-12-15 11:36:57.819639
9991922,13000085,2023-12-02T20:20:10,46,01,300,N,N,API,2023-12-15 11:36:57.819639
9991923,13000186,2023-12-02T20:20:20,27,01,300,N,N,API,2023-12-15 11:36:57.819639
9991924,13991430,2023-12-02T20:20:42,27,01,300,N,N,API,2023-12-15 11:36:57.819639
9991925,13991446,2023-12-02T20:23:06,27,01,300,N,N,API,2023-12-15 11:36:57.819639
9991926,13000748,2023-12-02T20:26:13,27,01,300,N,N,API,2023-12-15 11:36:57.819639
9991927,13000735,2023-12-02T20:26:17,43,01,300,N,N,API,2023-12-15 11:36:57.819639
9991928,13991375,2023-12-02T20:33:06,43,01,300,N,N,API,2023-12-15 11:36:57.819639
9991929,13000760,2023-12-02T21:37:14,46,01,300,N,N,API,2023-12-15 11:36:57.819639
9991930,13991387,2023-12-02T22:00:52,45,01,300,N,N,API,2023-12-15 11:36:57.819639
9991931,13000758,2023-12-02T22:02:22,43,01,300,N,N,API,2023-12-15 11:36:57.819639
9991932,13000679,2023-12-02T22:07:34,43,01,300,N,N,API,2023-12-15 11:36:57.819639
9991933,13000756,2023-12-02T22:10:56,43,01,300,N,N,API,2023-12-15 11:36:57.819639
9991934,13000762,2023-12-02T22:36:22,46,01,300,N,N,API,2023-12-15 11:36:57.819639
9991935,13000722,2023-12-02T22:37:04,46,01,300,N,N,API,2023-12-15 11:36:57.819639
9991936,13000759,2023-12-02T22:58:30,46,01,300,N,N,API,2023-12-15 11:36:57.819639
9991937,13991460,2023-12-02T23:01:07,46,01,300,N,N,API,2023-12-15 11:36:57.819639
9991938,13000321,2023-12-02T23:01:45,46,01,300,N,N,API,2023-12-15 11:36:57.819639
9991939,13000014,2023-12-02T23:15:10,27,01,300,N,N,API,2023-12-15 11:36:57.819639
9991940,13000672,2023-12-02T23:15:21,27,01,300,N,N,API,2023-12-15 11:36:57.819639
9991941,13991447,2023-12-02T23:15:32,27,01,300,N,N,API,2023-12-15 11:36:57.819639
9991942,13000676,2023-12-02T23:16:12,27,01,300,N,N,API,2023-12-15 11:36:57.819639
9991943,13000585,2023-12-02T23:24:33,46,01,300,N,N,API,2023-12-15 11:36:57.819639
9991944,13000075,2023-12-02T23:37:43,43,01,300,N,N,API,2023-12-15 11:36:57.819639
9991945,13000031,2023-12-02T23:48:57,43,01,300,N,N,API,2023-12-15 11:36:57.819639
9991946,13991423,2023-12-02T23:50:14,43,01,300,N,N,API,2023-12-15 11:36:57.819639
9991947,13000393,2023-12-02T23:50:24,43,01,300,N,N,API,2023-12-15 11:36:57.819639
9991948,13000731,2023-12-02T22:12:05,45,01,300,N,N,API,2023-12-15 11:36:57.819639
9991949,13000731,2023-12-03T11:00:06,45,01,300,N,N,API,2023-12-15 11:36:57.819639
9991950,13000186,2023-12-03T11:04:20,27,01,300,N,N,API,2023-12-15 11:36:57.819639
9991951,13991447,2023-12-03T11:04:29,27,01,300,N,N,API,2023-12-15 11:36:57.819639
9991952,13991430,2023-12-03T11:07:24,27,01,300,N,N,API,2023-12-15 11:36:57.819639
9991953,13000748,2023-12-03T11:16:53,27,01,300,N,N,API,2023-12-15 11:36:57.819639
9991954,13991387,2023-12-03T11:35:00,45,01,300,N,N,API,2023-12-15 11:36:57.819639
9991955,13000393,2023-12-03T11:56:27,43,01,300,N,N,API,2023-12-15 11:36:57.819639
9991956,13991375,2023-12-03T11:57:52,43,01,300,N,N,API,2023-12-15 11:36:57.819639
9991957,13000735,2023-12-03T11:59:50,43,01,300,N,N,API,2023-12-15 11:36:57.819639
9991958,13991415,2023-12-03T12:20:06,43,01,300,N,N,API,2023-12-15 11:36:57.819639
9991959,13000031,2023-12-03T13:02:00,43,01,300,N,N,API,2023-12-15 11:36:57.819639
9991960,13991423,2023-12-03T13:02:09,43,01,300,N,N,API,2023-12-15 11:36:57.819639
9991961,13000756,2023-12-03T13:02:50,43,01,300,N,N,API,2023-12-15 11:36:57.819639
9991962,13000751,2023-12-03T13:06:54,46,01,300,N,N,API,2023-12-15 11:36:57.819639
9991963,13000751,2023-12-03T13:07:04,46,01,300,N,N,API,2023-12-15 11:36:57.819639
9991964,13000585,2023-12-03T13:07:19,46,01,300,N,N,API,2023-12-15 11:36:57.819639
9991965,13991462,2023-12-03T13:07:25,46,01,300,N,N,API,2023-12-15 11:36:57.819639
9991966,13991460,2023-12-03T13:07:30,46,01,300,N,N,API,2023-12-15 11:36:57.819639
9991967,13000763,2023-12-03T13:07:40,46,01,300,N,N,API,2023-12-15 11:36:57.819639
9991968,13000763,2023-12-03T13:07:49,46,01,300,N,N,API,2023-12-15 11:36:57.819639
9991969,13991460,2023-12-03T13:07:50,46,01,300,N,N,API,2023-12-15 11:36:57.819639
9991970,13991462,2023-12-03T13:09:04,46,01,300,N,N,API,2023-12-15 11:36:57.819639
9991971,13000075,2023-12-03T13:09:57,43,01,300,N,N,API,2023-12-15 11:36:57.819639
9991972,13000679,2023-12-03T13:15:17,43,01,300,N,N,API,2023-12-15 11:36:57.819639
9991973,13000761,2023-12-03T13:15:35,43,01,300,N,N,API,2023-12-15 11:36:57.819639
9991974,13991463,2023-12-03T13:23:40,46,01,300,N,N,API,2023-12-15 11:36:57.819639
9991975,13000722,2023-12-03T13:24:22,46,01,300,N,N,API,2023-12-15 11:36:57.819639
9991976,13000759,2023-12-03T13:24:38,46,01,300,N,N,API,2023-12-15 11:36:57.819639
9991977,13000676,2023-12-03T14:03:12,27,01,300,N,N,API,2023-12-15 11:36:57.819639
9991978,13000321,2023-12-03T14:04:10,46,01,300,N,N,API,2023-12-15 11:36:57.819639
9991979,13000672,2023-12-03T14:07:59,27,01,300,N,N,API,2023-12-15 11:36:57.819639
9991980,13000014,2023-12-03T14:09:48,27,01,300,N,N,API,2023-12-15 11:36:57.819639
9991981,13991446,2023-12-03T15:42:15,27,01,300,N,N,API,2023-12-15 11:36:57.819639
9991982,13991415,2023-12-03T15:48:46,43,01,300,N,N,API,2023-12-15 11:36:57.819639
9991983,13991447,2023-12-03T20:15:27,27,01,300,N,N,API,2023-12-15 11:36:57.819639
9991984,13000748,2023-12-03T20:20:41,27,01,300,N,N,API,2023-12-15 11:36:57.819639
9991985,13000186,2023-12-03T20:49:55,27,01,300,N,N,API,2023-12-15 11:36:57.819639
9991986,13991375,2023-12-03T21:09:00,43,01,300,N,N,API,2023-12-15 11:36:57.819639
9991987,13000735,2023-12-03T21:21:23,43,01,300,N,N,API,2023-12-15 11:36:57.819639
9991988,13000679,2023-12-03T21:55:54,43,01,300,N,N,API,2023-12-15 11:36:57.819639
9991989,13000751,2023-12-03T22:09:55,46,01,300,N,N,API,2023-12-15 11:36:57.819639
9991990,13000761,2023-12-03T22:10:10,43,01,300,N,N,API,2023-12-15 11:36:57.819639
9991991,13991387,2023-12-03T22:11:40,45,01,300,N,N,API,2023-12-15 11:36:57.819639
9991992,13000731,2023-12-03T22:11:52,45,01,300,N,N,API,2023-12-15 11:36:57.819639
9991993,13000321,2023-12-03T22:12:26,46,01,300,N,N,API,2023-12-15 11:36:57.819639
9991994,13991460,2023-12-03T22:12:36,46,01,300,N,N,API,2023-12-15 11:36:57.819639
9991995,13991462,2023-12-03T22:13:06,46,01,300,N,N,API,2023-12-15 11:36:57.819639
9991996,13991463,2023-12-03T22:13:17,46,01,300,N,N,API,2023-12-15 11:36:57.819639
9991997,13000759,2023-12-03T22:14:21,46,01,300,N,N,API,2023-12-15 11:36:57.819639
9991998,13000722,2023-12-03T22:15:10,46,01,300,N,N,API,2023-12-15 11:36:57.819639
9991999,13000393,2023-12-03T22:22:01,43,01,300,N,N,API,2023-12-15 11:36:57.819639
9992000,13991423,2023-12-03T22:22:10,43,01,300,N,N,API,2023-12-15 11:36:57.819639
9992001,13000075,2023-12-03T22:23:02,43,01,300,N,N,API,2023-12-15 11:36:57.819639
9992002,13000031,2023-12-03T22:23:10,43,01,300,N,N,API,2023-12-15 11:36:57.819639
9992003,13000763,2023-12-03T22:47:19,46,01,300,N,N,API,2023-12-15 11:36:57.819639
9992004,13000585,2023-12-03T22:59:48,46,01,300,N,N,API,2023-12-15 11:36:57.819639
9992005,13991430,2023-12-03T23:12:48,27,01,300,N,N,API,2023-12-15 11:36:57.819639
9992006,13991446,2023-12-03T23:12:56,27,01,300,N,N,API,2023-12-15 11:36:57.819639
9992007,13000014,2023-12-03T23:13:01,27,01,300,N,N,API,2023-12-15 11:36:57.819639
9992008,13000672,2023-12-03T23:13:16,27,01,300,N,N,API,2023-12-15 11:36:57.819639
9992009,13000735,2023-12-04T09:59:51,43,01,300,N,N,API,2023-12-15 11:36:57.819639
9992010,13000758,2023-12-04T09:59:53,43,01,300,N,N,API,2023-12-15 11:36:57.819639
9992011,13000085,2023-12-04T10:00:44,43,01,300,N,N,API,2023-12-15 11:36:57.819639
9992012,13000757,2023-12-04T10:01:06,43,01,300,N,N,API,2023-12-15 11:36:57.819639
9992013,13991375,2023-12-04T10:19:11,43,01,300,N,N,API,2023-12-15 11:36:57.819639
9992014,13000672,2023-12-04T11:04:29,27,01,300,N,N,API,2023-12-15 11:36:57.819639
9992015,13991446,2023-12-04T11:05:00,27,01,300,N,N,API,2023-12-15 11:36:57.819639
9992016,13991387,2023-12-04T11:07:32,45,01,300,N,N,API,2023-12-15 11:36:57.819639
9992017,13000427,2023-12-04T11:07:37,45,01,300,N,N,API,2023-12-15 11:36:57.819639
9992018,13991447,2023-12-04T11:09:45,27,01,300,N,N,API,2023-12-15 11:36:57.819639
9992019,13000583,2023-12-04T11:26:06,43,01,300,N,N,API,2023-12-15 11:36:57.819639
9992020,13000748,2023-12-04T11:33:16,27,01,300,N,N,API,2023-12-15 11:36:57.819639
9992021,13000722,2023-12-04T13:00:17,46,01,300,N,N,API,2023-12-15 11:36:57.819639
9992022,13000393,2023-12-04T13:01:25,43,01,300,N,N,API,2023-12-15 11:36:57.819639
9992023,13000761,2023-12-04T13:05:53,43,01,300,N,N,API,2023-12-15 11:36:57.819639
9992024,13000075,2023-12-04T13:07:36,43,01,300,N,N,API,2023-12-15 11:36:57.819639
9992025,13991423,2023-12-04T13:10:54,43,01,300,N,N,API,2023-12-15 11:36:57.819639
9992026,13000321,2023-12-04T13:14:19,46,01,300,N,N,API,2023-12-15 11:36:57.819639
9992027,13000756,2023-12-04T13:28:09,43,01,300,N,N,API,2023-12-15 11:36:57.819639
9992028,13991307,2023-12-04T13:45:35,27,01,300,N,N,API,2023-12-15 11:36:57.819639
9992029,13000014,2023-12-04T14:14:11,27,01,300,N,N,API,2023-12-15 11:36:57.819639
9992030,13000676,2023-12-04T14:20:43,27,01,300,N,N,API,2023-12-15 11:36:57.819639
9992031,00001981,2023-12-04T15:50:00,1,01,300,N,N,API,2023-12-15 11:36:57.819639
9992032,13991460,2023-12-04T16:27:37,46,01,300,N,N,API,2023-12-15 11:36:57.819639
9992033,13000023,2023-12-04T19:03:39,43,01,300,N,N,API,2023-12-15 11:36:57.819639
9992034,13000757,2023-12-04T19:04:29,43,01,300,N,N,API,2023-12-15 11:36:57.819639
9992035,13000735,2023-12-04T19:06:23,43,01,300,N,N,API,2023-12-15 11:36:57.819639
9992036,13000758,2023-12-04T19:11:14,43,01,300,N,N,API,2023-12-15 11:36:57.819639
9992037,13000763,2023-12-04T19:11:27,46,01,300,N,N,API,2023-12-15 11:36:57.819639
9992038,13000751,2023-12-04T19:17:07,46,01,300,N,N,API,2023-12-15 11:36:57.819639
9992039,13000760,2023-12-04T19:17:28,46,01,300,N,N,API,2023-12-15 11:36:57.819639
9992040,13000186,2023-12-04T19:34:08,27,01,300,N,N,API,2023-12-15 11:36:57.819639
9992041,13991375,2023-12-04T20:02:23,43,01,300,N,N,API,2023-12-15 11:36:57.819639
9992042,13000672,2023-12-04T20:05:13,27,01,300,N,N,API,2023-12-15 11:36:57.819639
9992043,13991447,2023-12-04T20:10:41,27,01,300,N,N,API,2023-12-15 11:36:57.819639
9992044,13000748,2023-12-04T20:11:47,27,01,300,N,N,API,2023-12-15 11:36:57.819639
9992045,13991446,2023-12-04T20:25:15,27,01,300,N,N,API,2023-12-15 11:36:57.819639
9992046,13000427,2023-12-04T20:39:16,45,01,300,N,N,API,2023-12-15 11:36:57.819639
9992047,13000085,2023-12-04T21:45:24,46,01,300,N,N,API,2023-12-15 11:36:57.819639
9992048,13991462,2023-12-04T21:47:08,46,01,300,N,N,API,2023-12-15 11:36:57.819639
9992049,13991463,2023-12-04T21:47:19,46,01,300,N,N,API,2023-12-15 11:36:57.819639
9992050,13000756,2023-12-04T21:58:32,43,01,300,N,N,API,2023-12-15 11:36:57.819639
9992051,13000722,2023-12-04T22:03:15,46,01,300,N,N,API,2023-12-15 11:36:57.819639
9992052,13000761,2023-12-04T22:03:39,43,01,300,N,N,API,2023-12-15 11:36:57.819639
9992053,13000075,2023-12-04T22:06:53,43,01,300,N,N,API,2023-12-15 11:36:57.819639
9992054,13991423,2023-12-04T22:15:19,43,01,300,N,N,API,2023-12-15 11:36:57.819639
9992055,13000393,2023-12-04T22:15:47,43,01,300,N,N,API,2023-12-15 11:36:57.819639
9992056,13000321,2023-12-04T22:24:37,46,01,300,N,N,API,2023-12-15 11:36:57.819639
9992057,13991307,2023-12-04T23:42:05,27,01,300,N,N,API,2023-12-15 11:36:57.819639
9992065,13000676,2023-12-04T23:42:21,27,01,300,N,N,API,2023-12-15 11:36:57.819639
9992066,13000014,2023-12-04T23:42:43,27,01,300,N,N,API,2023-12-15 11:36:57.819639
9992070,13991387,2023-12-04T22:01:15,45,01,300,N,N,API,2023-12-15 11:36:57.819639
9992071,13000427,2023-12-05T11:35:38,45,01,300,N,N,API,2023-12-15 11:36:57.819639
9992072,13991387,2023-12-05T11:37:59,45,01,300,N,N,API,2023-12-15 11:36:57.819639
9992073,13991423,2023-12-05T11:45:16,43,01,300,N,N,API,2023-12-15 11:36:57.819639
9992074,13000031,2023-12-05T11:45:36,43,01,300,N,N,API,2023-12-15 11:36:57.819639
9992075,13000583,2023-12-05T11:46:12,43,01,300,N,N,API,2023-12-15 11:36:57.819639
9992076,13000722,2023-12-05T12:48:28,46,01,300,N,N,API,2023-12-15 11:36:57.819639
9992077,13000759,2023-12-05T12:49:12,46,01,300,N,N,API,2023-12-15 11:36:57.819639
9992078,13000679,2023-12-05T12:49:20,43,01,300,N,N,API,2023-12-15 11:36:57.819639
9992079,13000756,2023-12-05T13:03:10,43,01,300,N,N,API,2023-12-15 11:36:57.819639
9992080,13000761,2023-12-05T13:03:22,43,01,300,N,N,API,2023-12-15 11:36:57.819639
9992081,13000321,2023-12-05T13:13:00,46,01,300,N,N,API,2023-12-15 11:36:57.819639
9992082,13000676,2023-12-05T13:14:16,27,01,300,N,N,API,2023-12-15 11:36:57.819639
9992083,13991430,2023-12-05T13:44:22,27,01,300,N,N,API,2023-12-15 11:36:57.819639
9992084,13000014,2023-12-05T14:14:43,27,01,300,N,N,API,2023-12-15 11:36:57.819639
9992085,13000756,2023-12-05T19:01:11,43,01,300,N,N,API,2023-12-15 11:36:57.819639
9992086,13000023,2023-12-05T19:14:25,46,01,300,N,N,API,2023-12-15 11:36:57.819639
9992087,13991415,2023-12-05T20:00:23,43,01,300,N,N,API,2023-12-15 11:36:57.819639
9992088,13000672,2023-12-05T20:35:03,27,01,300,N,N,API,2023-12-15 11:36:57.819639
9992089,13991446,2023-12-05T20:36:28,27,01,300,N,N,API,2023-12-15 11:36:57.819639
9992090,13991447,2023-12-05T20:37:50,27,01,300,N,N,API,2023-12-15 11:36:57.819639
9992091,13000085,2023-12-05T20:54:41,46,01,300,N,N,API,2023-12-15 11:36:57.819639
9992092,13991462,2023-12-05T21:40:11,46,01,300,N,N,API,2023-12-15 11:36:57.819639
9992093,13991463,2023-12-05T21:46:59,46,01,300,N,N,API,2023-12-15 11:36:57.819639
9992094,13991387,2023-12-05T21:58:04,45,01,300,N,N,API,2023-12-15 11:36:57.819639
9992095,13000427,2023-12-05T21:58:09,45,01,300,N,N,API,2023-12-15 11:36:57.819639
9992096,13000679,2023-12-05T22:01:02,43,01,300,N,N,API,2023-12-15 11:36:57.819639
9992097,13000759,2023-12-05T22:03:01,46,01,300,N,N,API,2023-12-15 11:36:57.819639
9992098,13000722,2023-12-05T22:03:06,46,01,300,N,N,API,2023-12-15 11:36:57.819639
9992099,13000761,2023-12-05T22:04:25,43,01,300,N,N,API,2023-12-15 11:36:57.819639
9992100,13000585,2023-12-05T22:09:30,46,01,300,N,N,API,2023-12-15 11:36:57.819639
9992101,13000321,2023-12-05T22:13:13,46,01,300,N,N,API,2023-12-15 11:36:57.819639
9992102,13000031,2023-12-05T22:14:34,43,01,300,N,N,API,2023-12-15 11:36:57.819639
9992103,13000758,2023-12-05T23:08:32,43,01,300,N,N,API,2023-12-15 11:36:57.819639
9992104,13000757,2023-12-05T23:08:51,43,01,300,N,N,API,2023-12-15 11:36:57.819639
9992105,13991423,2023-12-05T23:09:18,43,01,300,N,N,API,2023-12-15 11:36:57.819639
9992106,13000676,2023-12-05T23:33:57,27,01,300,N,N,API,2023-12-15 11:36:57.819639
9992107,13991430,2023-12-05T23:34:30,27,01,300,N,N,API,2023-12-15 11:36:57.819639
9992108,13000014,2023-12-05T23:37:21,27,01,300,N,N,API,2023-12-15 11:36:57.819639
9992067,13000672,2023-12-05T11:12:41,27,01,300,N,N,API,2023-12-15 11:36:57.819639
9992068,13991447,2023-12-05T11:12:52,27,01,300,N,N,API,2023-12-15 11:36:57.819639
9992069,13991446,2023-12-05T11:13:12,27,01,300,N,N,API,2023-12-15 11:36:57.819639
9992058,13000758,2023-12-05T10:00:49,43,01,300,N,N,API,2023-12-15 11:36:57.819639
9992059,13000757,2023-12-05T10:00:51,43,01,300,N,N,API,2023-12-15 11:36:57.819639
9992060,13000085,2023-12-05T10:08:44,46,01,300,N,N,API,2023-12-15 11:36:57.819639
9992061,13991462,2023-12-05T10:09:26,46,01,300,N,N,API,2023-12-15 11:36:57.819639
9992062,13991463,2023-12-05T10:09:35,46,01,300,N,N,API,2023-12-15 11:36:57.819639
9992063,13000760,2023-12-05T10:10:05,46,01,300,N,N,API,2023-12-15 11:36:57.819639
9992064,13991415,2023-12-05T10:15:20,43,01,300,N,N,API,2023-12-15 11:36:57.819639
9992109,13000735,2023-12-06T10:01:37,43,01,300,N,N,API,2023-12-15 11:36:57.819639
9992110,13000757,2023-12-06T10:02:09,43,01,300,N,N,API,2023-12-15 11:36:57.819639
9992111,13000085,2023-12-06T10:02:32,43,01,300,N,N,API,2023-12-15 11:36:57.819639
9992112,13000758,2023-12-06T10:04:26,43,01,300,N,N,API,2023-12-15 11:36:57.819639
9992113,13000751,2023-12-06T10:12:09,46,01,300,N,N,API,2023-12-15 11:36:57.819639
9992114,13000760,2023-12-06T10:12:20,46,01,300,N,N,API,2023-12-15 11:36:57.819639
9992115,13991463,2023-12-06T10:13:08,46,01,300,N,N,API,2023-12-15 11:36:57.819639
9992116,13991415,2023-12-06T10:16:13,43,01,300,N,N,API,2023-12-15 11:36:57.819639
9992117,13000763,2023-12-06T10:27:11,46,01,300,N,N,API,2023-12-15 11:36:57.819639
9992118,13000585,2023-12-06T10:31:46,46,01,300,N,N,API,2023-12-15 11:36:57.819639
9992119,13000427,2023-12-06T10:57:17,45,01,300,N,N,API,2023-12-15 11:36:57.819639
9992120,13991430,2023-12-06T11:00:52,27,01,300,N,N,API,2023-12-15 11:36:57.819639
9992121,13000748,2023-12-06T11:02:44,27,01,300,N,N,API,2023-12-15 11:36:57.819639
9992122,13991447,2023-12-06T11:03:20,27,01,300,N,N,API,2023-12-15 11:36:57.819639
9992123,13991387,2023-12-06T11:04:27,45,01,300,N,N,API,2023-12-15 11:36:57.819639
9992124,13000583,2023-12-06T11:45:18,43,01,300,N,N,API,2023-12-15 11:36:57.819639
9992125,13000031,2023-12-06T12:11:55,43,01,300,N,N,API,2023-12-15 11:36:57.819639
9992126,13000075,2023-12-06T12:50:21,43,01,300,N,N,API,2023-12-15 11:36:57.819639
9992127,13000679,2023-12-06T12:58:21,43,01,300,N,N,API,2023-12-15 11:36:57.819639
9992128,13991460,2023-12-06T13:02:15,46,01,300,N,N,API,2023-12-15 11:36:57.819639
9992129,13000393,2023-12-06T13:02:50,43,01,300,N,N,API,2023-12-15 11:36:57.819639
9992130,13000722,2023-12-06T13:05:45,46,01,300,N,N,API,2023-12-15 11:36:57.819639
9992131,13000759,2023-12-06T13:06:28,46,01,300,N,N,API,2023-12-15 11:36:57.819639
9992132,13991375,2023-12-06T13:10:53,43,01,300,N,N,API,2023-12-15 11:36:57.819639
9992133,13991307,2023-12-06T13:50:45,27,01,300,N,N,API,2023-12-15 11:36:57.819639
9992134,13000186,2023-12-06T14:08:30,27,01,300,N,N,API,2023-12-15 11:36:57.819639
9992135,13000761,2023-12-06T15:40:43,43,01,300,N,N,API,2023-12-15 11:36:57.819639
9992136,13000753,2023-12-06T17:39:37,31,01,300,N,N,API,2023-12-15 11:36:57.819639
9992137,13991374,2023-12-06T17:41:42,31,01,300,N,N,API,2023-12-15 11:36:57.819639
9992138,00000999,2023-12-06T17:43:08,41,01,300,N,N,API,2023-12-15 11:36:57.819639
9992139,13000753,2023-12-06T17:46:17,41,01,300,N,N,API,2023-12-15 11:36:57.819639
9992140,00000999,2023-12-06T17:47:57,41,01,300,N,N,API,2023-12-15 11:36:57.819639
9992141,13000758,2023-12-06T19:00:22,43,01,300,N,N,API,2023-12-15 11:36:57.819639
9992142,13000735,2023-12-06T19:03:07,43,01,300,N,N,API,2023-12-15 11:36:57.819639
9992143,13000757,2023-12-06T19:08:14,43,01,300,N,N,API,2023-12-15 11:36:57.819639
9992144,13000760,2023-12-06T19:27:51,46,01,300,N,N,API,2023-12-15 11:36:57.819639
9992145,13000763,2023-12-06T19:27:54,46,01,300,N,N,API,2023-12-15 11:36:57.819639
9992146,13991415,2023-12-06T20:08:37,43,01,300,N,N,API,2023-12-15 11:36:57.819639
9992147,13991430,2023-12-06T20:10:53,27,01,300,N,N,API,2023-12-15 11:36:57.819639
9992148,13991447,2023-12-06T20:11:00,27,01,300,N,N,API,2023-12-15 11:36:57.819639
9992149,13000085,2023-12-06T20:25:21,43,01,300,N,N,API,2023-12-15 11:36:57.819639
9992150,13000753,2023-12-06T20:27:46,41,01,300,N,N,API,2023-12-15 11:36:57.819639
9992151,13000672,2023-12-06T20:29:27,27,01,300,N,N,API,2023-12-15 11:36:57.819639
9992152,13000023,2023-12-06T20:33:38,46,01,300,N,N,API,2023-12-15 11:36:57.819639
9992153,13000585,2023-12-06T20:46:18,46,01,300,N,N,API,2023-12-15 11:36:57.819639
9992154,13000583,2023-12-06T21:18:44,43,01,300,N,N,API,2023-12-15 11:36:57.819639
9992155,13000753,2023-12-06T21:19:01,41,01,300,N,N,API,2023-12-15 11:36:57.819639
9992156,13000679,2023-12-06T22:00:36,43,01,300,N,N,API,2023-12-15 11:36:57.819639
9992157,13000427,2023-12-06T22:02:16,45,01,300,N,N,API,2023-12-15 11:36:57.819639
9992158,13000075,2023-12-06T22:05:57,43,01,300,N,N,API,2023-12-15 11:36:57.819639
9992159,13000759,2023-12-06T22:08:43,46,01,300,N,N,API,2023-12-15 11:36:57.819639
9992160,13000722,2023-12-06T22:11:45,46,01,300,N,N,API,2023-12-15 11:36:57.819639
9992161,13000031,2023-12-06T22:16:43,43,01,300,N,N,API,2023-12-15 11:36:57.819639
9992162,13000393,2023-12-06T22:18:02,43,01,300,N,N,API,2023-12-15 11:36:57.819639
9992163,13000761,2023-12-06T22:21:05,43,01,300,N,N,API,2023-12-15 11:36:57.819639
9992164,13991387,2023-12-06T22:22:01,45,01,300,N,N,API,2023-12-15 11:36:57.819639
9992165,13991460,2023-12-06T22:29:41,46,01,300,N,N,API,2023-12-15 11:36:57.819639
9992166,13991463,2023-12-06T22:29:58,46,01,300,N,N,API,2023-12-15 11:36:57.819639
9992167,13000748,2023-12-06T23:05:12,27,01,300,N,N,API,2023-12-15 11:36:57.819639
9992168,13991307,2023-12-06T23:14:23,27,01,300,N,N,API,2023-12-15 11:36:57.819639
9992169,13000186,2023-12-06T23:14:32,27,01,300,N,N,API,2023-12-15 11:36:57.819639
9992170,13000023,2023-12-07T09:52:44,43,01,300,N,N,API,2023-12-15 11:36:57.819639
9992171,13000735,2023-12-07T09:57:43,43,01,300,N,N,API,2023-12-15 11:36:57.819639
9992172,13991374,2023-12-07T09:47:24,41,01,300,N,N,API,2023-12-15 11:36:57.819639
9992173,13000753,2023-12-07T09:47:33,41,01,300,N,N,API,2023-12-15 11:36:57.819639
9992174,13000085,2023-12-07T09:59:51,43,01,300,N,N,API,2023-12-15 11:36:57.819639
9992175,13000393,2023-12-07T10:01:35,43,01,300,N,N,API,2023-12-15 11:36:57.819639
9992176,13000758,2023-12-07T10:09:16,43,01,300,N,N,API,2023-12-15 11:36:57.819639
9992177,13991462,2023-12-07T10:13:02,46,01,300,N,N,API,2023-12-15 11:36:57.819639
9992178,13000763,2023-12-07T10:13:19,46,01,300,N,N,API,2023-12-15 11:36:57.819639
9992179,13000760,2023-12-07T10:13:58,46,01,300,N,N,API,2023-12-15 11:36:57.819639
9992180,13000583,2023-12-07T10:16:20,43,01,300,N,N,API,2023-12-15 11:36:57.819639
9992181,13991375,2023-12-07T10:51:00,43,01,300,N,N,API,2023-12-15 11:36:57.819639
9992182,13000427,2023-12-07T11:10:36,45,01,300,N,N,API,2023-12-15 11:36:57.819639
9992183,13000186,2023-12-07T11:12:53,27,01,300,N,N,API,2023-12-15 11:36:57.819639
9992184,13991430,2023-12-07T11:13:01,27,01,300,N,N,API,2023-12-15 11:36:57.819639
9992185,13991446,2023-12-07T11:17:12,27,01,300,N,N,API,2023-12-15 11:36:57.819639
9992186,13000748,2023-12-07T11:22:18,27,01,300,N,N,API,2023-12-15 11:36:57.819639
9992187,13991415,2023-12-07T12:17:22,43,01,300,N,N,API,2023-12-15 11:36:57.819639
9992188,13000679,2023-12-07T12:47:14,43,01,300,N,N,API,2023-12-15 11:36:57.819639
9992189,13000321,2023-12-07T12:56:15,46,01,300,N,N,API,2023-12-15 11:36:57.819639
9992190,13000731,2023-12-07T13:00:45,45,01,300,N,N,API,2023-12-15 11:36:57.819639
9992191,13000075,2023-12-07T13:07:20,43,01,300,N,N,API,2023-12-15 11:36:57.819639
9992192,13000585,2023-12-07T13:08:28,46,01,300,N,N,API,2023-12-15 11:36:57.819639
9992193,13000031,2023-12-07T13:09:41,43,01,300,N,N,API,2023-12-15 11:36:57.819639
9992194,13991423,2023-12-07T13:10:16,43,01,300,N,N,API,2023-12-15 11:36:57.819639
9992195,13000756,2023-12-07T13:11:57,43,01,300,N,N,API,2023-12-15 11:36:57.819639
9992196,13000676,2023-12-07T13:14:33,27,01,300,N,N,API,2023-12-15 11:36:57.819639
9992197,13991460,2023-12-07T13:23:29,46,01,300,N,N,API,2023-12-15 11:36:57.819639
9992198,13991460,2023-12-07T13:27:33,46,01,300,N,N,API,2023-12-15 11:36:57.819639
9992199,13000759,2023-12-07T13:33:05,46,01,300,N,N,API,2023-12-15 11:36:57.819639
9992200,13991307,2023-12-07T14:01:15,27,01,300,N,N,API,2023-12-15 11:36:57.819639
9992201,13000014,2023-12-07T14:19:42,27,01,300,N,N,API,2023-12-15 11:36:57.819639
9992202,13000427,2023-12-07T18:37:12,45,01,300,N,N,API,2023-12-15 11:36:57.819639
9992203,13000735,2023-12-07T19:06:24,43,01,300,N,N,API,2023-12-15 11:36:57.819639
9992204,13000764,2023-12-07T19:06:49,43,01,300,N,N,API,2023-12-15 11:36:57.819639
9992205,13000758,2023-12-07T19:08:32,43,01,300,N,N,API,2023-12-15 11:36:57.819639
9992206,13000023,2023-12-07T19:29:51,46,01,300,N,N,API,2023-12-15 11:36:57.819639
9992207,13991462,2023-12-07T19:59:27,46,01,300,N,N,API,2023-12-15 11:36:57.819639
9992208,13000583,2023-12-07T20:03:50,43,01,300,N,N,API,2023-12-15 11:36:57.819639
9992209,13000085,2023-12-07T20:14:54,43,01,300,N,N,API,2023-12-15 11:36:57.819639
9992210,13000748,2023-12-07T20:18:47,27,01,300,N,N,API,2023-12-15 11:36:57.819639
9992211,13000186,2023-12-07T20:47:11,27,01,300,N,N,API,2023-12-15 11:36:57.819639
9992212,13991374,2023-12-07T20:49:06,41,01,300,N,N,API,2023-12-15 11:36:57.819639
9992213,13000753,2023-12-07T20:49:40,41,01,300,N,N,API,2023-12-15 11:36:57.819639
9992214,13991446,2023-12-07T21:02:44,27,01,300,N,N,API,2023-12-15 11:36:57.819639
9992215,13991430,2023-12-07T21:02:48,27,01,300,N,N,API,2023-12-15 11:36:57.819639
9992216,13991415,2023-12-07T21:58:43,43,01,300,N,N,API,2023-12-15 11:36:57.819639
9992217,13000756,2023-12-07T22:06:01,43,01,300,N,N,API,2023-12-15 11:36:57.819639
9992218,13000679,2023-12-07T22:13:31,43,01,300,N,N,API,2023-12-15 11:36:57.819639
9992219,13000731,2023-12-07T22:17:30,45,01,300,N,N,API,2023-12-15 11:36:57.819639
9992220,13991460,2023-12-07T22:21:02,46,01,300,N,N,API,2023-12-15 11:36:57.819639
9992221,13000759,2023-12-07T22:21:50,46,01,300,N,N,API,2023-12-15 11:36:57.819639
9992222,13000585,2023-12-07T22:52:59,46,01,300,N,N,API,2023-12-15 11:36:57.819639
9992223,13000393,2023-12-07T23:06:27,43,01,300,N,N,API,2023-12-15 11:36:57.819639
9992224,13000676,2023-12-07T23:42:55,27,01,300,N,N,API,2023-12-15 11:36:57.819639
9992225,13991307,2023-12-07T23:43:13,27,01,300,N,N,API,2023-12-15 11:36:57.819639
9992226,13000014,2023-12-07T23:44:12,27,01,300,N,N,API,2023-12-15 11:36:57.819639
9992227,13000075,2023-12-08T00:34:45,43,01,300,N,N,API,2023-12-15 11:36:57.819639
9992228,13000031,2023-12-08T00:35:00,43,01,300,N,N,API,2023-12-15 11:36:57.819639
9992229,13991423,2023-12-08T00:35:12,43,01,300,N,N,API,2023-12-15 11:36:57.819639
9992230,13000031,2023-12-08T08:57:55,43,01,300,N,N,API,2023-12-15 11:36:57.819639
9992231,13000764,2023-12-08T09:28:12,43,01,300,N,N,API,2023-12-15 11:36:57.819639
9992232,13000075,2023-12-08T09:29:01,43,01,300,N,N,API,2023-12-15 11:36:57.819639
9992233,13000757,2023-12-08T09:51:37,43,01,300,N,N,API,2023-12-15 11:36:57.819639
9992234,13000735,2023-12-08T09:51:40,43,01,300,N,N,API,2023-12-15 11:36:57.819639
9992235,13000023,2023-12-08T09:51:49,43,01,300,N,N,API,2023-12-15 11:36:57.819639
9992236,13000085,2023-12-08T09:57:01,43,01,300,N,N,API,2023-12-15 11:36:57.819639
9992237,13000758,2023-12-08T09:57:21,43,01,300,N,N,API,2023-12-15 11:36:57.819639
9992238,13000753,2023-12-08T10:05:46,41,01,300,N,N,API,2023-12-15 11:36:57.819639
9992239,13000751,2023-12-08T10:09:22,46,01,300,N,N,API,2023-12-15 11:36:57.819639
9992240,13000760,2023-12-08T10:09:25,46,01,300,N,N,API,2023-12-15 11:36:57.819639
9992241,13991461,2023-12-08T10:09:34,46,01,300,N,N,API,2023-12-15 11:36:57.819639
9992242,13991462,2023-12-08T10:09:41,46,01,300,N,N,API,2023-12-15 11:36:57.819639
9992243,13991463,2023-12-08T10:09:49,46,01,300,N,N,API,2023-12-15 11:36:57.819639
9992244,13000763,2023-12-08T10:10:17,46,01,300,N,N,API,2023-12-15 11:36:57.819639
9992245,13000583,2023-12-08T10:11:06,43,01,300,N,N,API,2023-12-15 11:36:57.819639
9992246,13991375,2023-12-08T10:12:23,43,01,300,N,N,API,2023-12-15 11:36:57.819639
9992247,13000759,2023-12-08T11:06:39,46,01,300,N,N,API,2023-12-15 11:36:57.819639
9992248,13000722,2023-12-08T11:08:11,46,01,300,N,N,API,2023-12-15 11:36:57.819639
9992249,13991430,2023-12-08T11:12:30,27,01,300,N,N,API,2023-12-15 11:36:57.819639
9992250,13991446,2023-12-08T11:12:35,27,01,300,N,N,API,2023-12-15 11:36:57.819639
9992251,13000672,2023-12-08T11:12:41,27,01,300,N,N,API,2023-12-15 11:36:57.819639
9992252,13000585,2023-12-08T11:13:10,46,01,300,N,N,API,2023-12-15 11:36:57.819639
9992253,13991447,2023-12-08T11:13:26,27,01,300,N,N,API,2023-12-15 11:36:57.819639
9992254,13000748,2023-12-08T11:13:31,27,01,300,N,N,API,2023-12-15 11:36:57.819639
9992255,13991387,2023-12-08T11:15:42,45,01,300,N,N,API,2023-12-15 11:36:57.819639
9992256,13000427,2023-12-08T11:15:47,45,01,300,N,N,API,2023-12-15 11:36:57.819639
9992257,13000679,2023-12-08T12:41:56,43,01,300,N,N,API,2023-12-15 11:36:57.819639
9992258,13991460,2023-12-08T12:56:31,46,01,300,N,N,API,2023-12-15 11:36:57.819639
9992259,13991460,2023-12-08T12:56:41,46,01,300,N,N,API,2023-12-15 11:36:57.819639
9992260,13991460,2023-12-08T12:56:47,46,01,300,N,N,API,2023-12-15 11:36:57.819639
9992261,13000321,2023-12-08T13:02:23,46,01,300,N,N,API,2023-12-15 11:36:57.819639
9992262,13000393,2023-12-08T13:03:01,43,01,300,N,N,API,2023-12-15 11:36:57.819639
9992263,13000756,2023-12-08T13:17:19,43,01,300,N,N,API,2023-12-15 11:36:57.819639
9992264,13000761,2023-12-08T13:18:44,43,01,300,N,N,API,2023-12-15 11:36:57.819639
9992265,13991423,2023-12-08T13:33:52,43,01,300,N,N,API,2023-12-15 11:36:57.819639
9992266,13000731,2023-12-08T14:02:50,45,01,300,N,N,API,2023-12-15 11:36:57.819639
9992267,13991307,2023-12-08T14:02:54,27,01,300,N,N,API,2023-12-15 11:36:57.819639
9992268,13000757,2023-12-08T19:02:10,43,01,300,N,N,API,2023-12-15 11:36:57.819639
9992269,13000023,2023-12-08T19:14:39,46,01,300,N,N,API,2023-12-15 11:36:57.819639
9992270,13000758,2023-12-08T19:19:21,43,01,300,N,N,API,2023-12-15 11:36:57.819639
9992271,13000764,2023-12-08T19:19:56,43,01,300,N,N,API,2023-12-15 11:36:57.819639
9992272,13000735,2023-12-08T19:27:08,43,01,300,N,N,API,2023-12-15 11:36:57.819639
9992273,13000760,2023-12-08T19:29:14,46,01,300,N,N,API,2023-12-15 11:36:57.819639
9992274,13000751,2023-12-08T19:50:07,46,01,300,N,N,API,2023-12-15 11:36:57.819639
9992275,13000583,2023-12-08T20:03:47,43,01,300,N,N,API,2023-12-15 11:36:57.819639
9992276,13991375,2023-12-08T20:04:23,43,01,300,N,N,API,2023-12-15 11:36:57.819639
9992277,13000748,2023-12-08T20:09:43,27,01,300,N,N,API,2023-12-15 11:36:57.819639
9992278,13991461,2023-12-08T20:10:16,46,01,300,N,N,API,2023-12-15 11:36:57.819639
9992279,13991430,2023-12-08T20:16:06,27,01,300,N,N,API,2023-12-15 11:36:57.819639
9992280,13991446,2023-12-08T20:17:45,27,01,300,N,N,API,2023-12-15 11:36:57.819639
9992281,13991447,2023-12-08T20:18:01,27,01,300,N,N,API,2023-12-15 11:36:57.819639
9992282,13000427,2023-12-08T20:21:04,45,01,300,N,N,API,2023-12-15 11:36:57.819639
9992283,13000672,2023-12-08T20:29:12,27,01,300,N,N,API,2023-12-15 11:36:57.819639
9992284,13000763,2023-12-08T20:32:06,46,01,300,N,N,API,2023-12-15 11:36:57.819639
9992285,13991462,2023-12-08T20:40:06,46,01,300,N,N,API,2023-12-15 11:36:57.819639
9992286,13991463,2023-12-08T20:41:29,46,01,300,N,N,API,2023-12-15 11:36:57.819639
9992287,13000075,2023-12-08T21:19:12,43,01,300,N,N,API,2023-12-15 11:36:57.819639
9992288,13000085,2023-12-08T21:34:11,46,01,300,N,N,API,2023-12-15 11:36:57.819639
9992289,13000722,2023-12-08T21:57:47,46,01,300,N,N,API,2023-12-15 11:36:57.819639
9992290,13000759,2023-12-08T21:59:01,46,01,300,N,N,API,2023-12-15 11:36:57.819639
9992291,13000756,2023-12-08T22:00:08,43,01,300,N,N,API,2023-12-15 11:36:57.819639
9992292,13000679,2023-12-08T22:00:30,43,01,300,N,N,API,2023-12-15 11:36:57.819639
9992293,13000731,2023-12-08T22:12:02,45,01,300,N,N,API,2023-12-15 11:36:57.819639
9992294,13991387,2023-12-08T22:12:36,45,01,300,N,N,API,2023-12-15 11:36:57.819639
9992295,13000761,2023-12-08T22:14:08,43,01,300,N,N,API,2023-12-15 11:36:57.819639
9992296,13000393,2023-12-08T22:16:21,43,01,300,N,N,API,2023-12-15 11:36:57.819639
9992297,13991423,2023-12-08T22:16:54,43,01,300,N,N,API,2023-12-15 11:36:57.819639
9992298,13000031,2023-12-08T22:17:19,43,01,300,N,N,API,2023-12-15 11:36:57.819639
9992299,13991460,2023-12-08T22:25:40,46,01,300,N,N,API,2023-12-15 11:36:57.819639
9992300,13000321,2023-12-08T22:45:58,46,01,300,N,N,API,2023-12-15 11:36:57.819639
9992301,13000585,2023-12-08T22:56:03,46,01,300,N,N,API,2023-12-15 11:36:57.819639
9992302,13000014,2023-12-08T23:37:19,27,01,300,N,N,API,2023-12-15 11:36:57.819639
9992303,13991307,2023-12-08T23:40:16,27,01,300,N,N,API,2023-12-15 11:36:57.819639
9992304,13000676,2023-12-08T23:40:31,27,01,300,N,N,API,2023-12-15 11:36:57.819639
9992305,13000735,2023-12-09T09:55:51,43,01,300,N,N,API,2023-12-15 11:36:57.819639
9992306,13000758,2023-12-09T09:55:53,43,01,300,N,N,API,2023-12-15 11:36:57.819639
9992307,13000757,2023-12-09T09:55:55,43,01,300,N,N,API,2023-12-15 11:36:57.819639
9992308,13991461,2023-12-09T10:07:57,46,01,300,N,N,API,2023-12-15 11:36:57.819639
9992309,13991462,2023-12-09T10:08:03,46,01,300,N,N,API,2023-12-15 11:36:57.819639
9992310,13000751,2023-12-09T10:08:06,46,01,300,N,N,API,2023-12-15 11:36:57.819639
9992311,13991463,2023-12-09T10:08:10,46,01,300,N,N,API,2023-12-15 11:36:57.819639
9992312,13000760,2023-12-09T10:08:17,46,01,300,N,N,API,2023-12-15 11:36:57.819639
9992313,13000764,2023-12-09T10:13:14,43,01,300,N,N,API,2023-12-15 11:36:57.819639
9992314,13991375,2023-12-09T10:14:00,43,01,300,N,N,API,2023-12-15 11:36:57.819639
9992315,13000583,2023-12-09T10:17:24,43,01,300,N,N,API,2023-12-15 11:36:57.819639
9992316,13000085,2023-12-09T10:29:53,43,01,300,N,N,API,2023-12-15 11:36:57.819639
9992317,13000763,2023-12-09T10:59:28,46,01,300,N,N,API,2023-12-15 11:36:57.819639
9992318,13991430,2023-12-09T11:06:01,27,01,300,N,N,API,2023-12-15 11:36:57.819639
9992319,13991447,2023-12-09T11:06:13,27,01,300,N,N,API,2023-12-15 11:36:57.819639
9992320,13000186,2023-12-09T11:06:23,27,01,300,N,N,API,2023-12-15 11:36:57.819639
9992321,13000427,2023-12-09T11:09:35,45,01,300,N,N,API,2023-12-15 11:36:57.819639
9992322,13991387,2023-12-09T11:11:47,45,01,300,N,N,API,2023-12-15 11:36:57.819639
9992323,13000748,2023-12-09T11:16:55,27,01,300,N,N,API,2023-12-15 11:36:57.819639
9992324,13000679,2023-12-09T11:46:54,43,01,300,N,N,API,2023-12-15 11:36:57.819639
9992325,13000321,2023-12-09T13:04:22,46,01,300,N,N,API,2023-12-15 11:36:57.819639
9992326,13000731,2023-12-09T13:04:35,45,01,300,N,N,API,2023-12-15 11:36:57.819639
9992327,13000722,2023-12-09T13:04:49,46,01,300,N,N,API,2023-12-15 11:36:57.819639
9992328,13000759,2023-12-09T13:04:57,46,01,300,N,N,API,2023-12-15 11:36:57.819639
9992329,13000031,2023-12-09T13:06:12,43,01,300,N,N,API,2023-12-15 11:36:57.819639
9992330,13991423,2023-12-09T13:06:42,43,01,300,N,N,API,2023-12-15 11:36:57.819639
9992331,13000756,2023-12-09T13:13:02,43,01,300,N,N,API,2023-12-15 11:36:57.819639
9992332,13000393,2023-12-09T13:14:32,43,01,300,N,N,API,2023-12-15 11:36:57.819639
9992333,13000676,2023-12-09T13:17:32,27,01,300,N,N,API,2023-12-15 11:36:57.819639
9992334,13000075,2023-12-09T13:23:44,43,01,300,N,N,API,2023-12-15 11:36:57.819639
9992335,13000014,2023-12-09T13:56:21,27,01,300,N,N,API,2023-12-15 11:36:57.819639
9992336,13991374,2023-12-09T10:06:56,41,01,300,N,N,API,2023-12-15 11:36:57.819639
9992337,13000023,2023-12-09T10:08:53,41,01,300,N,N,API,2023-12-15 11:36:57.819639
9992338,13000672,2023-12-09T14:13:56,27,01,300,N,N,API,2023-12-15 11:36:57.819639
9992339,13991307,2023-12-09T14:14:07,27,01,300,N,N,API,2023-12-15 11:36:57.819639
9992340,13000753,2023-12-09T14:18:02,41,01,300,N,N,API,2023-12-15 11:36:57.819639
9992341,00001981,2023-12-09T15:25:42,27,01,300,N,N,API,2023-12-15 11:36:57.819639
9992342,00001981,2023-12-09T16:21:36,40,01,300,N,N,API,2023-12-15 11:36:57.819639
9992343,13700349,2023-12-09T16:21:41,40,01,300,N,N,API,2023-12-15 11:36:57.819639
9992344,00001981,2023-12-09T16:29:43,40,01,300,N,N,API,2023-12-15 11:36:57.819639
9992345,00001981,2023-12-09T16:33:06,40,01,300,N,N,API,2023-12-15 11:36:57.819639
9992346,00001981,2023-12-09T16:12:31,27,01,300,N,N,API,2023-12-15 11:36:57.819639
9992347,00001981,2023-12-09T16:15:53,42,01,300,N,N,API,2023-12-15 11:36:57.819639
9992348,13000761,2023-12-09T17:33:44,43,01,300,N,N,API,2023-12-15 11:36:57.819639
9992349,13991462,2023-12-09T17:46:02,46,01,300,N,N,API,2023-12-15 11:36:57.819639
9992350,13000757,2023-12-09T19:04:02,43,01,300,N,N,API,2023-12-15 11:36:57.819639
9992351,13000023,2023-12-09T19:07:06,46,01,300,N,N,API,2023-12-15 11:36:57.819639
9992352,13000763,2023-12-09T19:15:43,46,01,300,N,N,API,2023-12-15 11:36:57.819639
9992353,13000758,2023-12-09T19:36:53,43,01,300,N,N,API,2023-12-15 11:36:57.819639
9992354,13000764,2023-12-09T19:52:53,43,01,300,N,N,API,2023-12-15 11:36:57.819639
9992355,13000583,2023-12-09T20:05:54,43,01,300,N,N,API,2023-12-15 11:36:57.819639
9992356,13991375,2023-12-09T20:08:49,43,01,300,N,N,API,2023-12-15 11:36:57.819639
9992357,13991461,2023-12-09T20:18:29,46,01,300,N,N,API,2023-12-15 11:36:57.819639
9992358,13000751,2023-12-09T20:23:58,46,01,300,N,N,API,2023-12-15 11:36:57.819639
9992359,13991430,2023-12-09T20:34:14,42,01,300,N,N,API,2023-12-15 11:36:57.819639
9992360,13000748,2023-12-09T20:35:27,42,01,300,N,N,API,2023-12-15 11:36:57.819639
9992361,13000186,2023-12-09T20:48:32,42,01,300,N,N,API,2023-12-15 11:36:57.819639
9992362,13991374,2023-12-09T20:49:50,41,01,300,N,N,API,2023-12-15 11:36:57.819639
9992363,13000427,2023-12-09T20:51:34,45,01,300,N,N,API,2023-12-15 11:36:57.819639
9992364,13000735,2023-12-09T21:06:09,43,01,300,N,N,API,2023-12-15 11:36:57.819639
9992365,13000756,2023-12-09T22:00:09,43,01,300,N,N,API,2023-12-15 11:36:57.819639
9992366,13000679,2023-12-09T22:02:05,43,01,300,N,N,API,2023-12-15 11:36:57.819639
9992367,13000761,2023-12-09T22:02:59,43,01,300,N,N,API,2023-12-15 11:36:57.819639
9992368,13991387,2023-12-09T22:04:16,45,01,300,N,N,API,2023-12-15 11:36:57.819639
9992369,13000722,2023-12-09T22:08:06,46,01,300,N,N,API,2023-12-15 11:36:57.819639
9992370,13000085,2023-12-09T22:11:22,46,01,300,N,N,API,2023-12-15 11:36:57.819639
9992371,13000759,2023-12-09T22:11:28,46,01,300,N,N,API,2023-12-15 11:36:57.819639
9992372,13991463,2023-12-09T22:11:55,46,01,300,N,N,API,2023-12-15 11:36:57.819639
9992373,13000731,2023-12-09T22:12:18,45,01,300,N,N,API,2023-12-15 11:36:57.819639
9992374,13000753,2023-12-09T22:14:45,41,01,300,N,N,API,2023-12-15 11:36:57.819639
9992375,13000031,2023-12-09T22:15:07,43,01,300,N,N,API,2023-12-15 11:36:57.819639
9992376,13000393,2023-12-09T22:24:25,43,01,300,N,N,API,2023-12-15 11:36:57.819639
9992377,13991423,2023-12-09T22:25:15,43,01,300,N,N,API,2023-12-15 11:36:57.819639
9992378,13000075,2023-12-09T22:30:27,43,01,300,N,N,API,2023-12-15 11:36:57.819639
9992379,13000321,2023-12-09T22:33:58,46,01,300,N,N,API,2023-12-15 11:36:57.819639
9992380,13000676,2023-12-09T23:17:19,42,01,300,N,N,API,2023-12-15 11:36:57.819639
9992381,13991447,2023-12-09T23:17:23,42,01,300,N,N,API,2023-12-15 11:36:57.819639
9992382,13991307,2023-12-09T23:18:13,42,01,300,N,N,API,2023-12-15 11:36:57.819639
9992383,13000672,2023-12-09T23:18:21,42,01,300,N,N,API,2023-12-15 11:36:57.819639
9992384,13000014,2023-12-09T23:18:30,42,01,300,N,N,API,2023-12-15 11:36:57.819639
9992385,13000672,2023-12-10T09:03:28,42,01,300,N,N,API,2023-12-15 11:36:57.819639
9992386,13991430,2023-12-10T09:07:12,42,01,300,N,N,API,2023-12-15 11:36:57.819639
9992387,13991447,2023-12-10T09:15:03,42,01,300,N,N,API,2023-12-15 11:36:57.819639
9992388,13991307,2023-12-10T09:15:11,42,01,300,N,N,API,2023-12-15 11:36:57.819639
9992389,13000085,2023-12-10T10:04:04,43,01,300,N,N,API,2023-12-15 11:36:57.819639
9992390,13991423,2023-12-10T10:04:14,43,01,300,N,N,API,2023-12-15 11:36:57.819639
9992391,13000583,2023-12-10T10:05:23,43,01,300,N,N,API,2023-12-15 11:36:57.819639
9992392,13000748,2023-12-10T11:02:49,42,01,300,N,N,API,2023-12-15 11:36:57.819639
9992393,13000731,2023-12-10T11:02:54,45,01,300,N,N,API,2023-12-15 11:36:57.819639
9992394,13991387,2023-12-10T11:06:04,45,01,300,N,N,API,2023-12-15 11:36:57.819639
9992395,13000186,2023-12-10T11:14:56,42,01,300,N,N,API,2023-12-15 11:36:57.819639
9992396,13000735,2023-12-10T11:57:36,43,01,300,N,N,API,2023-12-15 11:36:57.819639
9992397,13000757,2023-12-10T12:14:05,43,01,300,N,N,API,2023-12-15 11:36:57.819639
9992398,13000679,2023-12-10T12:40:40,43,01,300,N,N,API,2023-12-15 11:36:57.819639
9992399,13000075,2023-12-10T13:09:11,43,01,300,N,N,API,2023-12-15 11:36:57.819639
9992400,13000393,2023-12-10T13:13:01,43,01,300,N,N,API,2023-12-15 11:36:57.819639
9992401,13000751,2023-12-10T13:17:11,46,01,300,N,N,API,2023-12-15 11:36:57.819639
9992402,13000751,2023-12-10T13:17:18,46,01,300,N,N,API,2023-12-15 11:36:57.819639
9992403,13991461,2023-12-10T13:17:29,46,01,300,N,N,API,2023-12-15 11:36:57.819639
9992404,13991463,2023-12-10T13:17:33,46,01,300,N,N,API,2023-12-15 11:36:57.819639
9992405,13991462,2023-12-10T13:17:36,46,01,300,N,N,API,2023-12-15 11:36:57.819639
9992406,13000759,2023-12-10T13:17:43,46,01,300,N,N,API,2023-12-15 11:36:57.819639
9992407,13000763,2023-12-10T13:17:46,46,01,300,N,N,API,2023-12-15 11:36:57.819639
9992408,13000763,2023-12-10T13:17:59,46,01,300,N,N,API,2023-12-15 11:36:57.819639
9992409,13000321,2023-12-10T13:18:01,46,01,300,N,N,API,2023-12-15 11:36:57.819639
9992410,13000759,2023-12-10T13:18:16,46,01,300,N,N,API,2023-12-15 11:36:57.819639
9992411,13000761,2023-12-10T13:18:59,43,01,300,N,N,API,2023-12-15 11:36:57.819639
9992412,13000756,2023-12-10T13:26:22,43,01,300,N,N,API,2023-12-15 11:36:57.819639
9992413,13000031,2023-12-10T13:29:16,43,01,300,N,N,API,2023-12-15 11:36:57.819639
9992414,13991460,2023-12-10T13:36:36,46,01,300,N,N,API,2023-12-15 11:36:57.819639
9992415,13991460,2023-12-10T13:36:46,46,01,300,N,N,API,2023-12-15 11:36:57.819639
9992416,13000676,2023-12-10T13:39:27,42,01,300,N,N,API,2023-12-15 11:36:57.819639
9992417,13000085,2023-12-10T19:03:46,43,01,300,N,N,API,2023-12-15 11:36:57.819639
9992418,13000583,2023-12-10T19:56:40,43,01,300,N,N,API,2023-12-15 11:36:57.819639
9992419,13991375,2023-12-10T20:07:58,43,01,300,N,N,API,2023-12-15 11:36:57.819639
9992420,13000757,2023-12-10T21:01:26,43,01,300,N,N,API,2023-12-15 11:36:57.819639
9992421,13000735,2023-12-10T21:02:55,43,01,300,N,N,API,2023-12-15 11:36:57.819639
9992422,13000679,2023-12-10T21:59:07,43,01,300,N,N,API,2023-12-15 11:36:57.819639
9992423,13991387,2023-12-10T21:59:30,45,01,300,N,N,API,2023-12-15 11:36:57.819639
9992424,13000761,2023-12-10T22:03:45,43,01,300,N,N,API,2023-12-15 11:36:57.819639
9992425,13000722,2023-12-10T22:03:47,46,01,300,N,N,API,2023-12-15 11:36:57.819639
9992426,13000756,2023-12-10T22:03:55,43,01,300,N,N,API,2023-12-15 11:36:57.819639
9992427,13000751,2023-12-10T22:06:59,46,01,300,N,N,API,2023-12-15 11:36:57.819639
9992428,13000759,2023-12-10T22:07:40,46,01,300,N,N,API,2023-12-15 11:36:57.819639
9992429,13000731,2023-12-10T22:09:19,45,01,300,N,N,API,2023-12-15 11:36:57.819639
9992430,13991461,2023-12-10T22:15:09,46,01,300,N,N,API,2023-12-15 11:36:57.819639
9992431,13991462,2023-12-10T22:15:16,46,01,300,N,N,API,2023-12-15 11:36:57.819639
9992432,13991463,2023-12-10T22:15:23,46,01,300,N,N,API,2023-12-15 11:36:57.819639
9992433,13991460,2023-12-10T22:15:32,46,01,300,N,N,API,2023-12-15 11:36:57.819639
9992434,13000321,2023-12-10T22:16:36,46,01,300,N,N,API,2023-12-15 11:36:57.819639
9992435,13000075,2023-12-10T22:25:55,43,01,300,N,N,API,2023-12-15 11:36:57.819639
9992436,13000031,2023-12-10T22:31:35,43,01,300,N,N,API,2023-12-15 11:36:57.819639
9992437,13000393,2023-12-10T22:33:02,43,01,300,N,N,API,2023-12-15 11:36:57.819639
9992438,13991423,2023-12-10T22:33:38,43,01,300,N,N,API,2023-12-15 11:36:57.819639
9992439,13000763,2023-12-10T22:36:31,46,01,300,N,N,API,2023-12-15 11:36:57.819639
9992440,13000186,2023-12-10T21:05:06,42,01,300,N,N,API,2023-12-15 11:36:57.819639
9992441,13000748,2023-12-10T21:13:08,42,01,300,N,N,API,2023-12-15 11:36:57.819639
9992442,13000672,2023-12-10T21:54:26,42,01,300,N,N,API,2023-12-15 11:36:57.819639
9992443,13991307,2023-12-10T22:32:37,42,01,300,N,N,API,2023-12-15 11:36:57.819639
9992444,13991447,2023-12-10T22:33:17,42,01,300,N,N,API,2023-12-15 11:36:57.819639
9992445,13991430,2023-12-10T23:12:30,42,01,300,N,N,API,2023-12-15 11:36:57.819639
9992446,13000014,2023-12-10T23:18:52,42,01,300,N,N,API,2023-12-15 11:36:57.819639
9992447,13000676,2023-12-10T23:19:07,42,01,300,N,N,API,2023-12-15 11:36:57.819639
9992448,13000672,2023-12-11T09:05:17,42,01,300,N,N,API,2023-12-15 11:36:57.819639
9992449,13991430,2023-12-11T09:12:15,42,01,300,N,N,API,2023-12-15 11:36:57.819639
9992450,13991447,2023-12-11T09:14:42,42,01,300,N,N,API,2023-12-15 11:36:57.819639
9992451,13991307,2023-12-11T09:14:53,42,01,300,N,N,API,2023-12-15 11:36:57.819639
9992452,13000735,2023-12-11T09:56:18,43,01,300,N,N,API,2023-12-15 11:36:57.819639
9992453,13000583,2023-12-11T09:56:27,43,01,300,N,N,API,2023-12-15 11:36:57.819639
9992454,13000757,2023-12-11T09:56:41,43,01,300,N,N,API,2023-12-15 11:36:57.819639
9992455,13000085,2023-12-11T09:57:11,43,01,300,N,N,API,2023-12-15 11:36:57.819639
9992456,13000023,2023-12-11T09:58:18,43,01,300,N,N,API,2023-12-15 11:36:57.819639
9992457,13991462,2023-12-11T10:10:57,46,01,300,N,N,API,2023-12-15 11:36:57.819639
9992458,13991463,2023-12-11T10:11:12,46,01,300,N,N,API,2023-12-15 11:36:57.819639
9992459,13000760,2023-12-11T10:11:38,46,01,300,N,N,API,2023-12-15 11:36:57.819639
9992460,13000753,2023-12-11T10:01:11,41,01,300,N,N,API,2023-12-15 11:36:57.819639
9992461,13991460,2023-12-11T10:12:35,46,01,300,N,N,API,2023-12-15 11:36:57.819639
9992462,13000758,2023-12-11T10:13:17,43,01,300,N,N,API,2023-12-15 11:36:57.819639
9992463,13000763,2023-12-11T10:13:35,46,01,300,N,N,API,2023-12-15 11:36:57.819639
9992464,13000759,2023-12-11T10:48:34,46,01,300,N,N,API,2023-12-15 11:36:57.819639
9992465,13991387,2023-12-11T11:13:18,45,01,300,N,N,API,2023-12-15 11:36:57.819639
9992466,13000427,2023-12-11T11:13:24,45,01,300,N,N,API,2023-12-15 11:36:57.819639
9992467,13000748,2023-12-11T11:15:54,42,01,300,N,N,API,2023-12-15 11:36:57.819639
9992468,13000186,2023-12-11T11:17:24,42,01,300,N,N,API,2023-12-15 11:36:57.819639
9992469,13000722,2023-12-11T12:57:31,46,01,300,N,N,API,2023-12-15 11:36:57.819639
9992470,13000756,2023-12-11T13:04:03,43,01,300,N,N,API,2023-12-15 11:36:57.819639
9992471,13000393,2023-12-11T13:08:35,43,01,300,N,N,API,2023-12-15 11:36:57.819639
9992472,13000753,2023-12-11T13:10:01,41,01,300,N,N,API,2023-12-15 11:36:57.819639
9992473,13991461,2023-12-11T13:12:51,46,01,300,N,N,API,2023-12-15 11:36:57.819639
9992474,13000075,2023-12-11T13:13:01,43,01,300,N,N,API,2023-12-15 11:36:57.819639
9992475,13000731,2023-12-11T13:17:31,45,01,300,N,N,API,2023-12-15 11:36:57.819639
9992476,13000563,2023-12-11T13:20:47,46,01,300,N,N,API,2023-12-15 11:36:57.819639
9992477,13000321,2023-12-11T13:30:06,46,01,300,N,N,API,2023-12-15 11:36:57.819639
9992478,13991423,2023-12-11T13:33:46,43,01,300,N,N,API,2023-12-15 11:36:57.819639
9992479,13000676,2023-12-11T13:51:45,42,01,300,N,N,API,2023-12-15 11:36:57.819639
9992480,13000014,2023-12-11T14:12:49,42,01,300,N,N,API,2023-12-15 11:36:57.819639
9992481,13000761,2023-12-11T17:34:02,43,01,300,N,N,API,2023-12-15 11:36:57.819639
9992482,13000748,2023-12-11T18:28:55,42,01,300,N,N,API,2023-12-15 11:36:57.819639
9992483,13000757,2023-12-11T19:04:30,43,01,300,N,N,API,2023-12-15 11:36:57.819639
9992484,13000735,2023-12-11T19:07:18,43,01,300,N,N,API,2023-12-15 11:36:57.819639
9992485,13000764,2023-12-11T19:07:41,43,01,300,N,N,API,2023-12-15 11:36:57.819639
9992486,13000427,2023-12-11T19:14:46,45,01,300,N,N,API,2023-12-15 11:36:57.819639
9992487,13000672,2023-12-11T19:16:55,42,01,300,N,N,API,2023-12-15 11:36:57.819639
9992488,13991447,2023-12-11T19:23:12,42,01,300,N,N,API,2023-12-15 11:36:57.819639
9992489,13991307,2023-12-11T19:23:16,42,01,300,N,N,API,2023-12-15 11:36:57.819639
9992490,13000759,2023-12-11T19:32:33,46,01,300,N,N,API,2023-12-15 11:36:57.819639
9992491,13000763,2023-12-11T19:34:13,46,01,300,N,N,API,2023-12-15 11:36:57.819639
9992492,13000023,2023-12-11T19:57:23,41,01,300,N,N,API,2023-12-15 11:36:57.819639
9992493,13000583,2023-12-11T20:04:56,43,01,300,N,N,API,2023-12-15 11:36:57.819639
9992494,13000758,2023-12-11T20:05:06,43,01,300,N,N,API,2023-12-15 11:36:57.819639
9992495,13000186,2023-12-11T20:32:18,42,01,300,N,N,API,2023-12-15 11:36:57.819639
9992496,13000085,2023-12-11T21:09:17,46,01,300,N,N,API,2023-12-15 11:36:57.819639
9992497,13991462,2023-12-11T21:10:33,46,01,300,N,N,API,2023-12-15 11:36:57.819639
9992498,13991463,2023-12-11T21:10:43,46,01,300,N,N,API,2023-12-15 11:36:57.819639
9992499,13991460,2023-12-11T21:10:51,46,01,300,N,N,API,2023-12-15 11:36:57.819639
9992500,13000756,2023-12-11T22:00:38,43,01,300,N,N,API,2023-12-15 11:36:57.819639
9992501,13000761,2023-12-11T22:02:13,43,01,300,N,N,API,2023-12-15 11:36:57.819639
9992502,13000722,2023-12-11T22:03:22,46,01,300,N,N,API,2023-12-15 11:36:57.819639
9992503,13991461,2023-12-11T22:03:48,46,01,300,N,N,API,2023-12-15 11:36:57.819639
9992504,13991423,2023-12-11T22:04:45,43,01,300,N,N,API,2023-12-15 11:36:57.819639
9992505,13000075,2023-12-11T22:07:35,43,01,300,N,N,API,2023-12-15 11:36:57.819639
9992506,13000393,2023-12-11T22:10:05,43,01,300,N,N,API,2023-12-15 11:36:57.819639
9992507,13991387,2023-12-11T22:15:41,45,01,300,N,N,API,2023-12-15 11:36:57.819639
9992508,13000731,2023-12-11T22:16:21,45,01,300,N,N,API,2023-12-15 11:36:57.819639
9992509,13000321,2023-12-11T22:35:06,46,01,300,N,N,API,2023-12-15 11:36:57.819639
9992510,13991430,2023-12-11T23:43:53,42,01,300,N,N,API,2023-12-15 11:36:57.819639
9992511,13000014,2023-12-11T23:44:28,42,01,300,N,N,API,2023-12-15 11:36:57.819639
9992512,13991374,2023-12-12T00:41:51,41,01,300,N,N,API,2023-12-15 11:36:57.819639
9992513,13991463,2023-12-12T09:57:25,46,01,300,N,N,API,2023-12-15 11:36:57.819639
9992514,13000764,2023-12-12T10:01:14,43,01,300,N,N,API,2023-12-15 11:36:57.819639
9992515,13000023,2023-12-12T10:01:30,43,01,300,N,N,API,2023-12-15 11:36:57.819639
9992516,13000758,2023-12-12T10:01:38,43,01,300,N,N,API,2023-12-15 11:36:57.819639
9992517,13000757,2023-12-12T10:02:05,43,01,300,N,N,API,2023-12-15 11:36:57.819639
9992518,13000751,2023-12-12T10:02:30,46,01,300,N,N,API,2023-12-15 11:36:57.819639
9992519,13000085,2023-12-12T10:03:03,46,01,300,N,N,API,2023-12-15 11:36:57.819639
9992520,13000583,2023-12-12T10:04:06,43,01,300,N,N,API,2023-12-15 11:36:57.819639
9992521,13000760,2023-12-12T10:16:48,46,01,300,N,N,API,2023-12-15 11:36:57.819639
9992522,13991375,2023-12-12T10:21:52,43,01,300,N,N,API,2023-12-15 11:36:57.819639
9992523,13000427,2023-12-12T10:57:14,45,01,300,N,N,API,2023-12-15 11:36:57.819639
9992524,13991387,2023-12-12T11:07:19,45,01,300,N,N,API,2023-12-15 11:36:57.819639
9992525,13991447,2023-12-12T11:17:29,42,01,300,N,N,API,2023-12-15 11:36:57.819639
9992526,13000672,2023-12-12T11:17:31,42,01,300,N,N,API,2023-12-15 11:36:57.819639
9992527,13991462,2023-12-12T11:23:22,46,01,300,N,N,API,2023-12-15 11:36:57.819639
9992528,13991461,2023-12-12T11:52:53,46,01,300,N,N,API,2023-12-15 11:36:57.819639
9992529,13000676,2023-12-12T12:07:55,42,01,300,N,N,API,2023-12-15 11:36:57.819639
9992530,13000679,2023-12-12T12:32:38,43,01,300,N,N,API,2023-12-15 11:36:57.819639
9992531,13000393,2023-12-12T12:58:51,43,01,300,N,N,API,2023-12-15 11:36:57.819639
9992532,13000722,2023-12-12T13:04:00,46,01,300,N,N,API,2023-12-15 11:36:57.819639
9992533,13000031,2023-12-12T13:04:12,43,01,300,N,N,API,2023-12-15 11:36:57.819639
9992534,13991423,2023-12-12T13:04:53,43,01,300,N,N,API,2023-12-15 11:36:57.819639
9992535,13000756,2023-12-12T13:12:24,43,01,300,N,N,API,2023-12-15 11:36:57.819639
9992536,13000321,2023-12-12T13:19:21,46,01,300,N,N,API,2023-12-15 11:36:57.819639
9992537,13991307,2023-12-12T13:44:40,42,01,300,N,N,API,2023-12-15 11:36:57.819639
9992538,13000761,2023-12-12T14:32:33,43,01,300,N,N,API,2023-12-15 11:36:57.819639
9992539,13991462,2023-12-12T16:24:24,46,01,300,N,N,API,2023-12-15 11:36:57.819639
9992540,13000757,2023-12-12T19:01:06,43,01,300,N,N,API,2023-12-15 11:36:57.819639
9992541,13000023,2023-12-12T19:02:16,46,01,300,N,N,API,2023-12-15 11:36:57.819639
9992542,13000764,2023-12-12T19:27:14,43,01,300,N,N,API,2023-12-15 11:36:57.819639
9992543,13000760,2023-12-12T19:55:47,46,01,300,N,N,API,2023-12-15 11:36:57.819639
9992544,13000751,2023-12-12T19:56:55,46,01,300,N,N,API,2023-12-15 11:36:57.819639
9992545,13991375,2023-12-12T20:02:01,43,01,300,N,N,API,2023-12-15 11:36:57.819639
9992546,13000583,2023-12-12T20:05:14,43,01,300,N,N,API,2023-12-15 11:36:57.819639
9992547,13000758,2023-12-12T20:12:11,43,01,300,N,N,API,2023-12-15 11:36:57.819639
9992548,13000672,2023-12-12T20:19:29,42,01,300,N,N,API,2023-12-15 11:36:57.819639
9992549,13991447,2023-12-12T20:19:34,42,01,300,N,N,API,2023-12-15 11:36:57.819639
9992550,13000679,2023-12-12T22:00:25,43,01,300,N,N,API,2023-12-15 11:36:57.819639
9992551,13000756,2023-12-12T22:01:10,43,01,300,N,N,API,2023-12-15 11:36:57.819639
9992552,13000031,2023-12-12T22:09:01,43,01,300,N,N,API,2023-12-15 11:36:57.819639
9992553,13000761,2023-12-12T22:09:08,43,01,300,N,N,API,2023-12-15 11:36:57.819639
9992554,13991423,2023-12-12T22:09:16,43,01,300,N,N,API,2023-12-15 11:36:57.819639
9992555,13000393,2023-12-12T22:09:23,43,01,300,N,N,API,2023-12-15 11:36:57.819639
9992556,13000722,2023-12-12T22:10:44,46,01,300,N,N,API,2023-12-15 11:36:57.819639
9992557,13991461,2023-12-12T22:28:11,46,01,300,N,N,API,2023-12-15 11:36:57.819639
9992558,13991463,2023-12-12T22:28:42,46,01,300,N,N,API,2023-12-15 11:36:57.819639
9992559,13000085,2023-12-12T22:28:48,46,01,300,N,N,API,2023-12-15 11:36:57.819639
9992560,13000321,2023-12-12T22:33:00,46,01,300,N,N,API,2023-12-15 11:36:57.819639
9992561,13000676,2023-12-12T22:51:20,42,01,300,N,N,API,2023-12-15 11:36:57.819639
9992562,13991307,2023-12-12T23:18:23,42,01,300,N,N,API,2023-12-15 11:36:57.819639
9992563,13000186,2023-12-12T23:19:17,42,01,300,N,N,API,2023-12-15 11:36:57.819639
9992564,13000764,2023-12-13T09:58:31,43,01,300,N,N,API,2023-12-15 11:36:57.819639
9992565,13000735,2023-12-13T09:58:36,43,01,300,N,N,API,2023-12-15 11:36:57.819639
9992566,13000758,2023-12-13T09:58:43,43,01,300,N,N,API,2023-12-15 11:36:57.819639
9992567,13000583,2023-12-13T09:59:23,43,01,300,N,N,API,2023-12-15 11:36:57.819639
9992568,13000085,2023-12-13T09:59:54,43,01,300,N,N,API,2023-12-15 11:36:57.819639
9992569,13000393,2023-12-13T10:03:13,43,01,300,N,N,API,2023-12-15 11:36:57.819639
9992570,13000751,2023-12-13T10:06:26,46,01,300,N,N,API,2023-12-15 11:36:57.819639
9992571,13991460,2023-12-13T10:06:36,46,01,300,N,N,API,2023-12-15 11:36:57.819639
9992572,13991463,2023-12-13T10:06:48,46,01,300,N,N,API,2023-12-15 11:36:57.819639
9992573,13000760,2023-12-13T10:08:07,46,01,300,N,N,API,2023-12-15 11:36:57.819639
9992574,13000763,2023-12-13T10:15:03,46,01,300,N,N,API,2023-12-15 11:36:57.819639
9992575,13000672,2023-12-13T11:04:26,42,01,300,N,N,API,2023-12-15 11:36:57.819639
9992576,13991430,2023-12-13T11:04:34,42,01,300,N,N,API,2023-12-15 11:36:57.819639
9992577,13000748,2023-12-13T11:15:46,42,01,300,N,N,API,2023-12-15 11:36:57.819639
9992578,13000031,2023-12-13T12:29:17,43,01,300,N,N,API,2023-12-15 11:36:57.819639
9992579,13000759,2023-12-13T12:42:31,46,01,300,N,N,API,2023-12-15 11:36:57.819639
9992580,13991375,2023-12-13T13:03:16,43,01,300,N,N,API,2023-12-15 11:36:57.819639
9992581,13000075,2023-12-13T13:08:04,43,01,300,N,N,API,2023-12-15 11:36:57.819639
9992582,13000722,2023-12-13T13:09:51,46,01,300,N,N,API,2023-12-15 11:36:57.819639
9992583,13000761,2023-12-13T13:13:26,43,01,300,N,N,API,2023-12-15 11:36:57.819639
9992584,13991461,2023-12-13T13:21:02,46,01,300,N,N,API,2023-12-15 11:36:57.819639
9992585,13991447,2023-12-13T14:07:57,42,01,300,N,N,API,2023-12-15 11:36:57.819639
9992586,13000679,2023-12-13T14:48:39,43,01,300,N,N,API,2023-12-15 11:36:57.819639
9992587,13991374,2023-12-13T09:59:47,41,01,300,N,N,API,2023-12-15 11:36:57.819639
9992588,13000753,2023-12-13T12:19:31,41,01,300,N,N,API,2023-12-15 11:36:57.819639
9992589,13000758,2023-12-13T19:04:15,43,01,300,N,N,API,2023-12-15 11:36:57.819639
9992590,13000735,2023-12-13T19:07:00,43,01,300,N,N,API,2023-12-15 11:36:57.819639
9992591,13000763,2023-12-13T19:16:23,46,01,300,N,N,API,2023-12-15 11:36:57.819639
9992592,13000764,2023-12-13T19:17:14,43,01,300,N,N,API,2023-12-15 11:36:57.819639
9992593,13000751,2023-12-13T19:20:57,46,01,300,N,N,API,2023-12-15 11:36:57.819639
9992594,13991460,2023-12-13T20:09:43,46,01,300,N,N,API,2023-12-15 11:36:57.819639
9992595,13991430,2023-12-13T20:09:45,42,01,300,N,N,API,2023-12-15 11:36:57.819639
9992596,13000748,2023-12-13T20:09:50,42,01,300,N,N,API,2023-12-15 11:36:57.819639
9992597,13000583,2023-12-13T20:13:22,43,01,300,N,N,API,2023-12-15 11:36:57.819639
9992598,13991463,2023-12-13T20:17:27,46,01,300,N,N,API,2023-12-15 11:36:57.819639
9992599,13000760,2023-12-13T20:18:17,46,01,300,N,N,API,2023-12-15 11:36:57.819639
9992600,13000023,2023-12-13T20:35:52,43,01,300,N,N,API,2023-12-15 11:36:57.819639
9992601,13000085,2023-12-13T21:09:53,43,01,300,N,N,API,2023-12-15 11:36:57.819639
9992602,13991415,2023-12-13T21:17:46,43,01,300,N,N,API,2023-12-15 11:36:57.819639
9992603,13000679,2023-12-13T22:08:08,43,01,300,N,N,API,2023-12-15 11:36:57.819639
9992604,13000759,2023-12-13T22:15:32,46,01,300,N,N,API,2023-12-15 11:36:57.819639
9992605,13991461,2023-12-13T22:16:03,46,01,300,N,N,API,2023-12-15 11:36:57.819639
9992606,13000722,2023-12-13T22:16:22,46,01,300,N,N,API,2023-12-15 11:36:57.819639
9992607,13991375,2023-12-13T22:18:01,43,01,300,N,N,API,2023-12-15 11:36:57.819639
9992608,13000031,2023-12-13T22:30:06,43,01,300,N,N,API,2023-12-15 11:36:57.819639
9992609,13000761,2023-12-13T22:30:14,43,01,300,N,N,API,2023-12-15 11:36:57.819639
9992610,13000075,2023-12-13T22:30:23,43,01,300,N,N,API,2023-12-15 11:36:57.819639
9992611,13000393,2023-12-13T22:31:01,43,01,300,N,N,API,2023-12-15 11:36:57.819639
9992612,13000014,2023-12-13T23:29:15,42,01,300,N,N,API,2023-12-15 11:36:57.819639
9992613,13991447,2023-12-13T23:29:24,42,01,300,N,N,API,2023-12-15 11:36:57.819639
9992614,13000676,2023-12-13T23:30:02,42,01,300,N,N,API,2023-12-15 11:36:57.819639
9992615,13000023,2023-12-14T09:52:57,43,01,300,N,N,API,2023-12-15 11:36:57.819639
9992616,13000764,2023-12-14T09:53:09,43,01,300,N,N,API,2023-12-15 11:36:57.819639
9992617,13000735,2023-12-14T09:53:20,43,01,300,N,N,API,2023-12-15 11:36:57.819639
9992618,13000085,2023-12-14T09:53:53,43,01,300,N,N,API,2023-12-15 11:36:57.819639
9992619,13000757,2023-12-14T09:53:58,43,01,300,N,N,API,2023-12-15 11:36:57.819639
9992620,13991415,2023-12-14T10:10:06,43,01,300,N,N,API,2023-12-15 11:36:57.819639
9992621,13000751,2023-12-14T10:11:56,46,01,300,N,N,API,2023-12-15 11:36:57.819639
9992622,13000760,2023-12-14T10:12:55,46,01,300,N,N,API,2023-12-15 11:36:57.819639
9992623,13991463,2023-12-14T10:13:07,46,01,300,N,N,API,2023-12-15 11:36:57.819639
9992624,13991460,2023-12-14T10:28:30,46,01,300,N,N,API,2023-12-15 11:36:57.819639
9992625,13000753,2023-12-14T10:26:12,41,01,300,N,N,API,2023-12-15 11:36:57.819639
9992626,13000763,2023-12-14T10:40:32,46,01,300,N,N,API,2023-12-15 11:36:57.819639
9992627,13000186,2023-12-14T11:12:21,42,01,300,N,N,API,2023-12-15 11:36:57.819639
9992628,13000748,2023-12-14T11:12:36,42,01,300,N,N,API,2023-12-15 11:36:57.819639
9992629,13991430,2023-12-14T11:12:42,42,01,300,N,N,API,2023-12-15 11:36:57.819639
9992630,13991375,2023-12-14T11:22:16,43,01,300,N,N,API,2023-12-15 11:36:57.819639
9992631,13991461,2023-12-14T12:59:12,46,01,300,N,N,API,2023-12-15 11:36:57.819639
9992632,13000759,2023-12-14T12:59:15,46,01,300,N,N,API,2023-12-15 11:36:57.819639
9992633,13000031,2023-12-14T13:01:56,43,01,300,N,N,API,2023-12-15 11:36:57.819639
9992634,13991423,2023-12-14T13:02:43,43,01,300,N,N,API,2023-12-15 11:36:57.819639
9992635,13000321,2023-12-14T13:10:17,46,01,300,N,N,API,2023-12-15 11:36:57.819639
9992636,13000679,2023-12-14T13:14:32,43,01,300,N,N,API,2023-12-15 11:36:57.819639
9992637,13000075,2023-12-14T13:21:59,43,01,300,N,N,API,2023-12-15 11:36:57.819639
9992638,13000756,2023-12-14T13:44:10,43,01,300,N,N,API,2023-12-15 11:36:57.819639
9992639,13991307,2023-12-14T13:58:25,42,01,300,N,N,API,2023-12-15 11:36:57.819639
9992640,13700349,2023-12-14T14:43:02,40,01,300,N,N,API,2023-12-15 11:36:57.819639
9992641,13000014,2023-12-14T14:13:08,42,01,300,N,N,API,2023-12-15 11:36:57.819639
9992642,13000753,2023-12-14T15:57:57,41,01,300,N,N,API,2023-12-15 11:36:57.819639
9992643,13000085,2023-12-14T18:43:59,43,01,300,N,N,API,2023-12-15 11:36:57.819639
9992644,13000735,2023-12-14T19:10:19,43,01,300,N,N,API,2023-12-15 11:36:57.819639
9992645,13000764,2023-12-14T19:12:46,43,01,300,N,N,API,2023-12-15 11:36:57.819639
9992646,13000760,2023-12-14T19:14:02,46,01,300,N,N,API,2023-12-15 11:36:57.819639
9992650,13991463,2023-12-14T20:26:38,46,01,300,N,N,API,2023-12-15 11:36:57.819639
9992651,13000186,2023-12-14T20:51:01,42,01,300,N,N,API,2023-12-15 11:36:57.819639
9992652,13991460,2023-12-14T21:07:24,46,01,300,N,N,API,2023-12-15 11:36:57.819639
9992654,13000759,2023-12-14T22:01:38,46,01,300,N,N,API,2023-12-15 11:36:57.819639
9992655,13991461,2023-12-14T22:02:03,46,01,300,N,N,API,2023-12-15 11:36:57.819639
9992656,13000756,2023-12-14T22:03:04,43,01,300,N,N,API,2023-12-15 11:36:57.819639
9992657,13000679,2023-12-14T22:06:40,43,01,300,N,N,API,2023-12-15 11:36:57.819639
9992658,13000748,2023-12-14T23:01:12,42,01,300,N,N,API,2023-12-15 11:36:57.819639
9992647,13991415,2023-12-14T20:02:36,43,01,300,N,N,API,2023-12-15 11:36:57.819639
9992648,13991375,2023-12-14T20:04:52,43,01,300,N,N,API,2023-12-15 11:36:57.819639
9992649,13991430,2023-12-14T20:06:47,42,01,300,N,N,API,2023-12-15 11:36:57.819639
9992653,13000023,2023-12-14T20:19:46,41,01,300,N,N,API,2023-12-15 11:36:57.819639
9992659,13000321,2023-12-14T23:13:04,46,01,300,N,N,API,2023-12-15 11:36:57.819639
9992660,13000075,2023-12-14T23:19:18,43,01,300,N,N,API,2023-12-15 11:36:57.819639
9992661,13991307,2023-12-14T23:25:57,42,01,300,N,N,API,2023-12-15 11:36:57.819639
9992662,13000014,2023-12-14T23:28:09,42,01,300,N,N,API,2023-12-15 11:36:57.819639
9992663,13991423,2023-12-14T23:30:13,43,01,300,N,N,API,2023-12-15 11:36:57.819639
9992664,13000763,2023-12-14T23:33:47,46,01,300,N,N,API,2023-12-15 11:36:57.819639
9992665,13000031,2023-12-14T23:35:03,43,01,300,N,N,API,2023-12-15 11:36:57.819639
9992677,13000031,2023-12-15T10:24:36,43,01,300,N,N,API,2023-12-15 11:36:57.819639
9992678,13000763,2023-12-15T10:27:24,46,01,300,N,N,API,2023-12-15 11:36:57.819639
9992681,13000672,2023-12-15T11:05:26,42,01,300,N,N,API,2023-12-15 11:36:57.819639
9992682,13991430,2023-12-15T11:05:33,42,01,300,N,N,API,2023-12-15 11:36:57.819639
9992683,13991307,2023-12-15T11:11:11,42,01,300,N,N,API,2023-12-15 11:36:57.819639
9992684,13991447,2023-12-15T11:11:18,42,01,300,N,N,API,2023-12-15 11:36:57.819639
9992685,13000761,2023-12-15T11:11:31,43,01,300,N,N,API,2023-12-15 11:36:57.819639
9992680,13000679,2023-12-15T10:56:40,43,01,300,N,N,API,2023-12-15 11:36:57.819639
9992666,13000753,2023-12-15T09:43:43,41,01,300,N,N,API,2023-12-15 11:36:57.819639
9992667,13000735,2023-12-15T09:58:21,43,01,300,N,N,API,2023-12-15 11:36:57.819639
9992668,13000764,2023-12-15T09:58:35,43,01,300,N,N,API,2023-12-15 11:36:57.819639
9992669,13000757,2023-12-15T09:59:19,43,01,300,N,N,API,2023-12-15 11:36:57.819639
9992670,13000023,2023-12-15T10:02:42,43,01,300,N,N,API,2023-12-15 11:36:57.819639
9992671,13991415,2023-12-15T10:06:22,43,01,300,N,N,API,2023-12-15 11:36:57.819639
9992672,13991462,2023-12-15T10:09:32,46,01,300,N,N,API,2023-12-15 11:36:57.819639
9992673,13000758,2023-12-15T10:10:40,43,01,300,N,N,API,2023-12-15 11:36:57.819639
9992674,13000760,2023-12-15T10:10:51,46,01,300,N,N,API,2023-12-15 11:36:57.819639
9992675,13991460,2023-12-15T10:12:49,46,01,300,N,N,API,2023-12-15 11:36:57.819639
9992676,13000085,2023-12-15T10:13:55,43,01,300,N,N,API,2023-12-15 11:36:57.819639
9992679,13000075,2023-12-15T10:43:42,43,01,300,N,N,API,2023-12-15 11:36:57.819639
9992686,13000756,2023-12-15T11:30:09,43,01,300,N,N,API,2023-12-15 11:36:57.819639
